0,Vera Institute of Justice,3.2,0,Nonprofit Organization,0
1,Visiting Nurse Service of New York,3.8,0,Nonprofit Organization,1
2,Squarespace,3.4,0,Company - Private,2
3,Celerity,4.1,0,Subsidiary or Business Segment,3
4,FanDuel,3.9,0,Company - Private,4
5,Point72,3.9,0,Company - Private,5
6,Two Sigma,4.4,0,Company - Private,6
7,GNY Insurance Companies,3.7,0,Company - Private,7
8,DMGT,4,0,Company - Public,8
9,Riskified,4.4,0,Company - Private,9
10,NYU Langone Health,4,0,Hospital,10
11,BulbHead,-1,1,Company - Private,11
12,Montefiore Medical,3.7,0,Nonprofit Organization,12
13,Known,3,0,Company - Private,13
14,Advisor Group,3.4,2,Company - Private,14
15,CodeGreen Solutions,3.6,0,Company - Private,15
16,Undertone,3.8,0,Subsidiary or Business Segment,16
17,NYSTEC,3.8,0,Nonprofit Organization,17
18,"Education Development Center, Inc.",3.9,0,Nonprofit Organization,18
19,Teachers Pay Teachers,4.9,0,Company - Private,19
20,Google,4.4,0,Company - Public,20
21,MUSIC & Entertainment,-1,0,Company - Public,21
22,Macquarie Group,3.3,0,Company - Public,22
23,Andiamo,3.5,0,Company - Private,23
24,Dash Technologies Inc,3.8,0,Unknown,24
25,Hearst Communications,4,0,Company - Private,25
26,Duolingo,5,0,Company - Private,26
27,Ro,4.8,0,Company - Private,27
28,Endai,3.7,0,Company - Private,28
29,BlueLabs,4.7,0,Company - Private,29
30,Revel,3.6,3,Company - Private,30
31,NALLAS CORPORATION,3.6,2,Company - Private,31
32,Pozent,3.5,0,Contract,32
33,SoFi,3.2,0,Company - Private,33
34,Carry1st,-1,0,NULL,34
35,Bank of America,3.7,0,Company - Public,35
36,Clear Street,-1,0,Company - Public,36
37,Nutech Information Systems,3.6,0,Company - Private,37
38,The Trevor Project,4.6,0,Nonprofit Organization,38
39,Pinto,-1,0,Company - Private,39
40,AB InBev,-1,0,Company - Public,40
41,Whip Media Group,5,0,Company - Private,41
42,Two95 International Inc.,4,0,Company - Private,42
43,Vettery,3,0,Company - Private,43
44,"Nesco Resource, LLC",2.9,0,Company - Private,44
45,MediaMath,3.6,0,Company - Private,45
46,Jordan & Jordan,4.9,0,Company - Private,46
47,Roku,3.9,0,Company - Public,47
48,Walt Disney Co.,4,0,Company - Public,48
49,Citadel,3.8,0,Company - Private,49
50,Xoriant Corporation,3.7,2,Company - Private,50
51,Gemini,3.6,0,Company - Private,51
52,"TSR, Inc.",3.6,4,Company - Public,52
53,NADAP NYS INC.,-1,0,NULL,53
54,Fragomen Worldwide,3.2,0,Company - Private,54
55,Bloomberg,3.8,0,Company - Private,55
56,Real Capital Analytics,3.9,0,Company - Private,56
57,Perficient,3.6,0,Company - Public,57
58,Kforce,4.1,0,Company - Public,58
59,Criteo,3.9,0,Company - Public,59
60,Royal Communications,3,0,Company - Private,60
61,Neuberger Berman,3.7,0,Company - Private,61
62,Greater New York Mutual Insurance Companies (GNY),-1,0,NULL,62
63,Diverse Lynx,3.9,0,Company - Private,63
64,eTeam Inc.,3.7,0,Company - Private,64
65,impakt Advisors,-1,0,Company - Private,65
66,Current,3.6,0,Company - Public,66
67,Citi,3.7,0,Company - Public,67
68,Axelon Services Corporation,3.6,0,Company - Private,68
69,United Nations,4.1,0,Government,69
70,"Discovery Communications, Inc.",3.5,0,Company - Public,70
71,Randstad,3.7,2,Subsidiary or Business Segment,71
72,Mulberry Technology,5,0,Company - Private,72
73,SoftStandard Solutions,4.8,0,Company - Private,73
74,"EDO, Inc.",5,0,Company - Private,74
75,Guidepoint,3.3,0,Company - Private,75
76,Mitchell Martin,4.1,0,Company - Private,76
77,Lorven Technologies Inc,4,0,Company - Private,77
78,Fintech Recruiters,-1,0,Company - Private,78
79,Sphinix Network Solutions Inc.,1,0,Company - Private,79
80,Praescient Analytics,3.1,0,Company - Private,80
81,Global Atlantic Financial Group,4.5,0,Company - Private,81
82,FINRA,3.4,0,Nonprofit Organization,82
83,NYU Langone Medical Center,-1,0,NULL,83
84,Jefferies,3.6,0,Company - Public,84
85,RGP,4.1,0,Company - Public,85
86,Tachyon Technologies,4.4,0,Company - Private,86
87,Apex Systems,3.8,2,Subsidiary or Business Segment,87
88,Hagerty Consulting,3.2,0,Company - Private,88
89,Gainful Health,-1,0,Company - Private,89
90,Cortex consultants LLC,3.8,0,Company - Private,90
91,Medly Pharmacy,4.7,3,Unknown,91
92,Fair Health,2.3,0,Nonprofit Organization,92
93,Peloton Interactive,3.8,0,Company - Public,93
94,ektello,4.6,0,Company - Private,94
95,"Premier, Inc.",3,0,Company - Public,95
96,JPMorgan Chase,3.9,0,Company - Public,96
97,Fund for Public Health,3,5,Nonprofit Organization,97
98,BlueVoyant,4.2,0,Company - Private,98
99,Crossfire Consulting Corporation,5,0,Company - Private,99
100,Reliable Software Resources,4,0,Company - Private,100
101,Hyde Leadership Brooklyn,-1,3,School / School District,101
102,Vertex Intel Systems,-1,2,NULL,102
103,My Job Tank,3.6,2,Company - Private,103
104,Cowen,3.7,0,Company - Public,104
105,Robert Half,3.5,0,Company - Public,105
106,FJA-US Inc.,2.8,0,Subsidiary or Business Segment,106
107,Averity,5,0,Company - Private,107
108,Capgemini,3.8,2,Company - Public,108
109,Wildlife Conservation Society,3.4,0,Nonprofit Organization,109
110,Asembia,3.6,6,Company - Private,110
111,Vesta Healthcare,-1,0,Company - Private,111
112,1199SEIU Funds,3.2,0,Nonprofit Organization,112
113,Nutrafol,3.8,0,Other Organization,113
114,New York Life Insurance Co,3.5,0,Company - Private,114
115,"EDP World, Inc.",3.5,0,Company - Private,115
116,Phyton Talent Advisors,4.1,2,Company - Private,116
117,"Staffigo Technical Services, LLC",5,0,Company - Private,117
118,IBM,3.7,0,Company - Public,118
119,Northwell Health,4,7,Nonprofit Organization,119
120,Huxley,3.3,0,Company - Private,120
121,Vericred,2.9,0,Company - Private,121
122,Scotiabank,3.6,0,Company - Public,122
123,Child Mind Institute,3.2,0,Nonprofit Organization,123
124,Balance Innovations,3.1,0,Company - Private,124
125,Asset Staffing,3.4,8,Contract,125
126,"Hearst Television, Inc",4.3,0,Company - Private,126
127,William Hill US,2.7,2,Company - Public,127
128,Rockstar Games,4.1,0,Subsidiary or Business Segment,128
129,ZDAAS,4.4,3,Company - Private,129
130,Decision Resources Group,3.1,0,Subsidiary or Business Segment,130
131,Highbridge Consulting LLC,3,0,Company - Private,131
132,"NTT DATA, Inc.",2.9,0,Company - Private,132
133,Columbia University,3.9,0,College / University,133
134,Precision technologies corp,4.2,0,Company - Private,134
135,Cactus Holdings,3.9,9,Company - Private,135
136,Cuny Research Foundation,4.2,0,Nonprofit Organization,136
137,SGA Inc.,-1,0,Company - Private,137
138,Amazon,3.9,0,Company - Public,138
139,Voice,3.4,3,Company - Private,139
140,HOMETEAM,3.6,0,Company - Private,140
141,Mount Sinai Health System,3.4,0,Hospital,141
142,Monkey Algorithms LLC,-1,0,NULL,142
143,"Halcyon Solutions, Inc.",3.3,0,Company - Private,143
144,Roman,3.2,0,Company - Private,144
145,COUNCIL ON ACCREDITATION,3.8,0,Nonprofit Organization,145
146,APR Staffing,-1,0,NULL,146
147,COOLSOFT,3.2,8,Company - Private,147
148,451 Research,3.3,0,Company - Private,148
149,Stark HR Consulting LLC,-1,0,NULL,149
150,Amenity Analytics,3.8,0,Company - Private,150
151,TapRm,-1,3,Unknown,151
152,APCO Worldwide,3.4,0,Company - Private,152
153,Brooklyn Community Services,2.5,3,Nonprofit Organization,153
154,Softcom Systems,4.4,4,Company - Private,154
155,UBS,3.6,0,Company - Public,155
156,"Cowen Group, Inc.",-1,0,Unknown,156
157,Workforce Logiq,3.6,10,Company - Private,157
158,Cross River Bank,3.3,11,Company - Private,158
159,NBCUniversal,3.8,0,Company - Public,159
160,Narrativ,3.7,0,Company - Private,160
161,CompuForce,-1,0,Company - Private,161
162,Bounce Exchange,4.1,0,Company - Private,162
163,Green Key Resources,4.5,0,Company - Private,163
164,22nd Century Technologies,3.7,0,Company - Private,164
165,"Capgemini America, Inc.",-1,2,NULL,165
166,Software Guidance & Assistance,3.7,2,Company - Private,166
167,Metropolitan Council on Jewish Poverty,3.2,0,Nonprofit Organization,167
168,TSR Consulting,3.6,0,Company - Public,168
169,UBS,3.6,4,Company - Public,169
170,"Take-Two Interactive Software, Inc.",3.7,0,Company - Public,170
171,Teus Health,-1,8,NULL,171
172,Morgan Stanley,3.8,0,Company - Public,172
173,ICAP at Columbia University,4.1,0,Nonprofit Organization,173
174,Columbia University Medical Center,3.8,0,Hospital,174
175,The Denzel Group,4.7,12,Company - Private,175
176,Cedent Consulting,3.3,0,Company - Private,176
177,ACS,3.4,0,Company - Private,177
178,NADAP,3.2,0,Nonprofit Organization,178
179,Newspaper Administration,-1,0,NULL,179
180,VISTRADA,5,0,Company - Private,180
181,Disney Streaming Services,3.6,0,Company - Private,181
182,Royal Communications Consultants Inc,3,0,Company - Private,182
183,CASES,3.5,0,Nonprofit Organization,183
184,Earnest Research,5,0,Company - Private,184
185,APN Software Services Inc.,4.1,0,Company - Private,185
186,Acacia Network,3.3,13,Nonprofit Organization,186
187,Miller Cang Agency,-1,0,NULL,187
188,NTT DATA,3.4,0,Company - Public,188
189,"TSR, Inc.",3.6,2,Company - Public,189
190,Attentive,-1,0,Company - Private,190
191,Fidelis Group,3.5,14,Company - Private,191
192,Eclaro,3.4,0,Company - Private,192
193,Phyton Talent Advisors,4.1,0,Company - Private,193
194,Source of Future Technology Inc,4.2,0,Company - Private,194
195,Wayne Technologies - CHURN,-1,0,NULL,195
196,Brink's,2.7,0,Company - Public,196
197,Seven Seven Softwares,3.1,8,Company - Public,197
198,Mobilityware,4.5,0,Company - Private,198
199,TechProjects,4.8,2,Company - Private,199
200,Mitchell Martin,4.1,2,Company - Private,200
201,RMS Computer Corporation,3,2,Company - Private,201
202,ProHEALTH Care,2.7,15,Subsidiary or Business Segment,202
203,2U,3.5,0,Company - Public,203
204,SIAL TECHNOLOGY PARTNERS,-1,0,Company - Private,204
205,Mount Sinai Medical Center,3.1,0,Nonprofit Organization,205
206,Professional Resource Group,5,15,Company - Private,206
207,IPRO,3,15,Nonprofit Organization,207
208,CASES,3.2,0,Company - Public,208
209,Brown Brothers Harriman,3.3,0,Company - Private,209
210,NYC Health + Hospitals,3.6,0,Company - Public,210
211,Horizon Blue Cross Blue Shield of New Jersey,3.6,8,Nonprofit Organization,211
212,APR Staffing,-1,15,NULL,212
213,Walt Disney Company,4,0,Company - Public,213
214,Capgemini,3.8,0,Company - Public,214
215,Roar Digital,4.9,0,Company - Private,215
216,Darmor Partners,-1,0,NULL,216
217,Talent Bundle LLC,-1,0,NULL,217
218,The Bank of New York Mellon,3.2,0,Company - Public,218
219,Museum of Ice Cream,2.3,0,Company - Private,219
220,Kinship,-1,0,Company - Private,220
221,APN Consulting,4.2,0,Company - Private,221
222,Siri InfoSolutions,3.4,16,Company - Private,222
223,Integrated Resources,3.1,0,Company - Private,223
224,Icahn School of Medicine at Mount Sinai,3.9,0,Nonprofit Organization,224
225,Avani Technology Solutions,4.5,0,Company - Private,225
226,Altech Star Inc.,2.6,0,Company - Private,226
227,Wintellisys,-1,0,Company - Private,227
228,V R Della Infotech Inc,4.1,10,Company - Private,228
229,New York Times,3.8,0,Company - Public,229
230,Blue Rock Consulting,5,0,Company - Public,230
231,"TSR Consulting Services, Inc.",-1,2,NULL,231
232,LanceSoft Inc,3.8,0,Company - Private,232
233,SMBC,3,2,Company - Public,233
234,"Delaware Investments Colorado Municipal Income Fund, Inc",-1,0,NULL,234
235,TechProjects,4.8,0,Company - Private,235
236,Vestracare,-1,17,NULL,236
237,Informa Intelligence,3.8,0,Company - Public,237
238,Integra Managed Care,3.5,15,Subsidiary or Business Segment,238
239,RMS Computer,3,2,Company - Private,239
240,Healthfirst,3.1,0,Nonprofit Organization,240
241,Jay Hill Repairs,-1,1,Company - Public,241
242,SAT Healthcare,3.5,0,Company - Private,242
243,American CyberSystems,4,0,Company - Private,243
244,M&T Bank Corporation,3.3,0,Company - Public,244
245,SoluStaff,-1,3,Company - Private,245
246,Oracle,3.6,0,Company - Public,246
247,Equation Staffing,-1,0,Company - Private,247
248,CMI/Compas,3.6,0,Company - Private,248
249,AbleTo,4.3,0,Company - Private,249
250,Eagle Investment Systems,3.7,0,Subsidiary or Business Segment,250
251,Kforce,4.1,16,Company - Public,251
252,Hikma Pharmaceuticals,3.3,18,Company - Public,252
253,SMBC Group,3.4,2,Company - Public,253
254,Citi,3.7,2,Company - Public,254
255,"Top Prospect Group, Inc.",-1,0,NULL,255
256,JPMorgan Chase,3.9,3,Company - Public,256
257,VNA Health Group,3.3,19,Nonprofit Organization,257
258,Hexacorp,3.4,0,Company - Private,258
259,Informa,3.2,0,Company - Public,259
260,Momentum Solar,3.7,12,Company - Private,260
261,VIVA USA INC,4.6,20,Company - Private,261
262,ProHEALTH Medical Management,2.7,15,Subsidiary or Business Segment,262
263,Maisonette Careers,-1,3,NULL,263
264,Donnelly & Moore Corporation,3.5,0,Company - Private,264
265,J.P. Morgan,3.9,8,Company - Public,265
266,Saratoga Medical Center,4.1,0,Company - Private,266
267,YAI/NIPD Network,3.1,0,Nonprofit Organization,267
268,Quad Consultancy,4.3,21,Company - Private,268
269,"Competent Systems, Inc",3.7,2,Company - Private,269
270,Genpact,3.5,0,Company - Public,270
271,LACOSTE CORPORATE,-1,0,NULL,271
272,J.P. Morgan,3.9,0,Company - Public,272
273,The Enosys Group LLC,-1,0,Company - Private,273
274,EmblemHealth,2.4,0,Nonprofit Organization,274
275,Jackson Hewitt,3.6,2,Company - Private,275
276,National Kidney Foundation,3.2,0,Nonprofit Organization,276
277,CheckedUp,2.5,0,Company - Private,277
278,ERGO,2.8,0,Company - Private,278
279,ACT Consulting,4.4,0,Company - Private,279
280,Tekfortune Inc.,4.8,0,Company - Private,280
281,"Intercontinental Exchange, Inc.",2.8,0,Company - Public,281
282,"8K Miles Software Services, Inc.",3.7,0,Company - Public,282
283,VTS,4.2,0,Company - Private,283
284,Sky I.T. Group (Sky Business Intelligence Team),-1,0,NULL,284
285,Robert Half,3.5,2,Company - Public,285
286,Village Care,2,0,Nonprofit Organization,286
287,Quest Diagnostics,3.3,22,Company - Public,287
288,Softinc,-1,0,Company - Public,288
289,"KnowledgePro, LLC",-1,0,NULL,289
290,Creative Data Resources,5,0,Company - Private,290
291,EVERSANA,3.4,0,Company - Private,291
292,National Grid USA,3.6,3,Company - Public,292
293,Barnabas Health,2.1,23,Company - Public,293
294,Aegis Media,2.8,0,Subsidiary or Business Segment,294
295,RAMPS International Inc,4.5,0,Company - Private,295
296,Episcopal Health Services Inc.,-1,24,NULL,296
297,Altice USA,3,5,Company - Public,297
298,Sumitomo Mitsui Banking Corporation (SMBC),3.4,2,Company - Public,298
299,Geller & Company,3.2,0,Company - Private,299
300,Reliable Software Resources,4,6,Company - Private,300
301,The Bank of New York Mellon,3.2,6,Company - Public,301
302,Plymouth Rock Assurance,3.4,25,Company - Private,302
303,Atrium Staffing,3.3,26,Company - Private,303
304,Metroplus Health Plan,2.7,0,Nonprofit Organization,304
305,Avani Technology Solutions,4.5,27,Company - Private,305
306,Primesoft,2.5,0,Company - Private,306
307,IPro.org,-1,28,NULL,307
308,Cecelia Health,4.3,0,Company - Private,308
309,Systemart LLC,4.4,0,Company - Private,309
310,ITech Recruiting,5,0,Company - Public,310
311,RN Staff,3.4,0,Unknown,311
312,Abacus Service Corporation,4.2,0,Company - Private,312
313,CyberCoders,4.2,29,Subsidiary or Business Segment,313
314,TECHNOCRAFT Solutions,3.4,0,Company - Private,314
315,C&G Consulting Services,-1,29,NULL,315
316,RWJBarnabas Health,3.7,23,Nonprofit Organization,316
317,MVP Consulting Plus Inc,4.3,0,Company - Private,317
318,Centers Plan for Healthy Living,2.4,30,Company - Private,318
319,Village Care,-1,0,Company - Private,319
320,Clear Technology Consulting,-1,0,NULL,320
321,Lorven Technologies Inc,4,31,Company - Private,321
322,BNY Mellon,3.2,6,Company - Public,322
323,Norgate Technology Inc,3.3,2,Company - Private,323
324,NYU Family Health Centers,-1,3,NULL,324
325,HomeBridge Financial Services,3.1,32,Company - Private,325
326,Sharp Electronics Corporation,3.9,33,Company - Public,326
327,JR Cigar/MC Management,-1,27,NULL,327
328,"Avacend, Inc.",2.5,34,Company - Private,328
329,Avani Technology Solutions,4.5,3,Company - Private,329
330,Care Design New York,3.2,13,Nonprofit Organization,330
331,ACT Consulting,4.4,26,Company - Private,331
332,TekniSMart Solutions,3.8,20,Contract,332
333,HOUSING AUTHORITY OF THE COUNTY OF SALT LAKE,-1,-1,Government,333
334,"CAO Group, INC",2,-1,Company - Private,334
335,University of Utah,4.2,-1,College / University,335
336,Paladin Consulting Inc,3.6,-1,Company - Private,336
337,"SunTechPros, Inc.",4.3,-1,Company - Private,337
338,"SGI Global, LLC",4,-1,Company - Public,338
339,HCL Global Systems,4.3,-1,Company - Private,339
340,Abnormal Security,4.1,-1,Company - Private,340
341,Vimerse,4.5,-1,Company - Private,341
342,Akraya Inc.,4.6,-1,Company - Private,342
343,Goldman Sachs,4,-1,Company - Public,343
344,Idexcel Inc.,4.1,-1,Company - Private,344
345,SPECTRAFORCE TECHNOLOGIES Inc.,3.6,-1,Company - Private,345
346,Easton Technical Products,2.6,-1,Company - Private,346
347,CIVICA INC,3,-1,Company - Private,347
348,ENERBANK USA,3.6,-1,Company - Public,348
349,"VED Software Services, Inc.",2.9,-1,Company - Private,349
350,Ascential,3.4,-1,Company - Public,350
351,Artius Solutions,-1,-1,NULL,351
352,F5 Networks,3.8,-1,Company - Public,352
353,"Janus International Group, LLC",2.7,-1,Company - Private,353
354,ClientSolv Technologies,3.3,-1,Company - Private,354
355,DrangKro Aerospace,-1,-1,NULL,355
356,POPi/o Mobile Video Cloud,-1,-1,NULL,356
357,Resiliency LLC,5,-1,Company - Private,357
358,Vivint Solar,3.5,-1,Company - Public,358
359,YORKTOWN SYSTEMS GROUP INC,3.5,-1,Company - Private,359
360,Shape Security,4.1,-1,Company - Private,360
361,Connor Group,4,-1,Company - Private,361
362,Abacus Service Corporation,4.2,-1,Company - Private,362
363,Robert Half,3.5,42,Company - Public,363
364,TCOE,3.7,43,School / School District,364
365,"Public Health Foundation Enterprises, In",3.3,44,Nonprofit Organization,365
366,USfalcon,4.3,45,Company - Private,366
367,Hampton University,2.5,45,College / University,367
368,Collins Consulting Inc,2.7,46,Company - Private,368
369,Patient Advocate Foundation,2.7,45,Nonprofit Organization,369
370,"Staffigo Technical Services, LLC",5,45,Company - Private,370
371,"Orbis, Inc.",4.9,47,Company - Private,371
372,NewGen Technologies,3,46,Company - Private,372
373,"Bluemont Technology & Research, Inc.",1,46,Company - Private,373
374,"ForKids, inc",3.5,46,Nonprofit Organization,374
375,Dunhill Professional Search,3.4,48,Company - Private,375
376,Smithfield,3.1,49,Subsidiary or Business Segment,376
377,Booz Allen Hamilton,3.8,50,Company - Public,377
378,EVMS,1,46,Company - Private,378
379,"Epsilon Systems Solutions, Inc.",3.5,46,Company - Private,379
380,Oasis Systems,3.8,45,Company - Private,380
381,Counter Threat Solutions,5,46,Company - Private,381
382,ITA International,3,51,Company - Public,382
383,Ferguson Experienced,-1,51,NULL,383
384,Liberty Source,3.5,45,Company - Private,384
385,"Oasis Systems, LLC",3.8,45,Company - Private,385
386,National Capitol Contracting (NCC),3.2,46,Company - Private,386
387,Occam Solutions Inc,3.1,52,Company - Private,387
388,Analytical Mechanics Associates,3.5,45,Company - Private,388
389,"GStek, Inc.",3.2,53,Company - Private,389
390,CBRE,3.7,48,Company - Public,390
391,Guidehouse,3.4,46,Company - Private,391
392,AXSEUM Inc,3.1,54,Company - Private,392
393,"Tamayo Federal Solutions, LLC",-1,47,NULL,393
394,CACI International,3.6,46,Company - Public,394
395,PROSOFT,3.7,46,Contract,395
396,FacilitySource,3.6,48,Company - Public,396
397,Universal Consulting Services,3.3,46,Company - Private,397
398,"Universal Consulting Services, Inc.",3.3,46,Company - Private,398
399,"Staffigo Technical Services, LLC",5,55,Company - Private,399
400,University of Florida,4.3,55,College / University,400
401,AvMed Health Plans,3.1,55,Nonprofit Organization,401
402,Shands Jacksonville,3.3,56,Nonprofit Organization,402
403,Shands Jacksonville,3.3,55,Nonprofit Organization,403
404,Stamps.com,3.1,57,Company - Public,404
405,Headspace,3.6,58,Company - Private,405
406,Neustar,3.7,59,Company - Private,406
407,Wellth Inc.,5,59,Company - Private,407
408,People Tree,-1,60,Self-employed,408
409,"Staffigo Technical Services, LLC",5,59,Company - Private,409
410,Ruggable,3.3,61,Company - Private,410
411,First Professional Services,5,59,Subsidiary or Business Segment,411
412,Steady,3.6,59,Company - Private,412
413,"ConsultNet, LLC",4.3,62,Company - Private,413
414,Signal Sciences,4.3,59,Company - Private,414
415,Acumen,3.2,59,Company - Private,415
416,HireTalent,4.5,59,Company - Private,416
417,Dave,4.3,59,Company - Private,417
418,Expertise LLC,-1,59,Contract,418
419,Lorven Technologies Inc,4,59,Company - Private,419
420,Eleven Recruiting - CHURN,-1,59,Company - Private,420
421,ICONMA,3.6,63,Company - Private,421
422,HITRECORD,3.5,59,Company - Private,422
423,Dot818,5,64,Company - Private,423
424,DatamanUSA,3.4,59,Company - Private,424
425,Cedars-Sinai,3.9,59,Nonprofit Organization,425
426,Eleven Recruiting - CHURN,-1,59,NULL,426
427,Robert Half,3.5,57,Company - Public,427
428,Radiology Partners,3.2,57,Company - Private,428
429,PeerStreet,4.7,57,Company - Private,429
430,PlayQ,4.7,58,Company - Private,430
431,Lucky Day,4,59,Company - Private,431
432,Didi Hirsch Mental Health Services,3.4,65,Nonprofit Organization,432
433,Center For Policing Equity,-1,59,Nonprofit Organization,433
434,Human Good,3.7,64,Company - Private,434
435,Swinerton Builders,4.1,59,Company - Private,435
436,"Relevante, Inc.",3.1,59,Company - Private,436
437,"iSpace, Inc",3.7,64,Company - Private,437
438,Kharon,-1,59,Company - Public,438
439,System1,3.8,66,Company - Private,439
440,Western Asset,3.5,67,Subsidiary or Business Segment,440
441,Tilde Staff Inc.,5,67,Company - Private,441
442,Hulu,3.8,58,Company - Private,442
443,Login Consulting Services,3.8,57,Company - Private,443
444,University of Southern California,4.2,59,College / University,444
445,Delmarva Foundation,3.1,68,Nonprofit Organization,445
446,LiveGlam,4.1,59,Company - Private,446
447,Warner Bros. Entertainment,3.9,62,Company - Public,447
448,NextDeavor Services,-1,69,NULL,448
449,Cenergy,3.5,70,Company - Private,449
450,Electronic Arts,3.9,59,Company - Public,450
451,Capital Group,3.9,59,Company - Private,451
452,Turner Broadcasting,3.7,62,Subsidiary or Business Segment,452
453,AIDS Healthcare Foundation,4.7,59,Nonprofit Organization,453
454,LACERA,3.5,67,Government,454
455,Arize Corporation,2.9,71,Company - Private,455
456,SAG-AFTRA Health Plan and SAG-Producers Pension Plan,2.8,62,Company - Private,456
457,Computershare,3.1,57,Company - Public,457
458,Cenergy International,3.2,70,Company - Private,458
459,Scale Media,5,59,Company - Public,459
460,Cedars-Sinai,3.9,72,Nonprofit Organization,460
461,Selby Jennings Buyside,-1,59,NULL,461
462,Mobilityware,4.5,59,Company - Private,462
463,Acorns,3.9,71,Company - Private,463
464,LEAPROS,5,73,Company - Private,464
465,Kforce Technology Staffing,-1,59,NULL,465
466,L.A. Care Health Plan,3.1,59,Nonprofit Organization,466
467,Superior Court of California County of Los Angeles,3.6,59,Government,467
468,Tillster,3.3,59,Company - Private,468
469,Tripalink,3.7,59,Company - Public,469
470,TutorMe,4.6,59,Subsidiary or Business Segment,470
471,Century Group (CA),4.5,57,Company - Private,471
472,"Netflix, Inc.",3.9,59,Company - Public,472
473,UC Davis Medical Center,3.8,59,Nonprofit Organization,473
474,Tarzana,3,74,Company - Private,474
475,STAND 8 Technology Services,3.9,59,Company - Private,475
476,Internet Brands,3.4,59,Company - Private,476
477,Robert Half,3.5,59,Company - Public,477
478,Fox Corporation,4,59,Company - Public,478
479,Connect International,5,59,Nonprofit Organization,479
480,PUBG Santa Monica,4.5,59,Company - Private,480
481,UCLA Health,4,59,Company - Public,481
482,Activision Blizzard,3.4,57,Company - Public,482
483,The Loot Company,2.1,59,Company - Private,483
484,Elever Professional,-1,59,Company - Private,484
485,Kaiser Permanente,4,67,Nonprofit Organization,485
486,ZS Associates,3.8,59,Company - Private,486
487,Tecolote Research,3.8,57,Company - Private,487
488,City National Bank,3.6,59,Subsidiary or Business Segment,488
489,Cypress HCM,4.9,59,Company - Private,489
490,"Infonex Technologies, Inc.",-1,67,Company - Public,490
491,Oakwood Search - CHURN,-1,59,NULL,491
492,Bloom Ads Global Media Group,-1,59,NULL,492
493,"Internet Brands, Inc.",3.4,59,Company - Private,493
494,ESP Legal,-1,59,NULL,494
495,Kforce,4.1,59,Company - Public,495
496,"Apollo Medical Holdings, Inc.",3.4,75,Company - Private,496
497,Molina Healthcare,3.1,73,Company - Public,497
498,Beautycounter,3,58,Company - Private,498
499,Genuent,3.5,59,Company - Private,499
500,IBM,3.7,59,Company - Public,500
501,The Wonderful Company LLC,3.6,59,Company - Private,501
502,Akraya Inc.,4.6,59,Company - Private,502
503,Catasys Health,-1,58,NULL,503
504,TikTok,3.8,59,Company - Private,504
505,MotorTrend Group,2.7,57,Company - Public,505
506,Mercury Insurance Group,3.4,76,Company - Public,506
507,Endpoint Closing,-1,57,Company - Private,507
508,Ottimo Resources,-1,77,Company - Public,508
509,Ajilon,3.6,78,Company - Public,509
510,WB Technology,5,62,Company - Private,510
511,Prosum,4,59,Company - Private,511
512,INSPIRE IT Solutions,3,79,Company - Private,512
513,Saicon Consultants Inc,3.3,62,Company - Private,513
514,"Recruiting Resources, Inc.",-1,57,Company - Private,514
515,"Prime MSO, LLC.",4,64,Company - Private,515
516,KORE1 Technologies,4.9,58,Company - Private,516
517,Axelon Services Corporation,3.6,67,Company - Private,517
518,City National Corporation,3.6,59,Subsidiary or Business Segment,518
519,Pddn,5,67,Company - Private,519
520,Northrop Grumman,3.8,78,Company - Public,520
521,"Aviana Global Technologies, Inc",4.2,59,Company - Private,521
522,Jam City,3.9,63,Company - Private,522
523,Apple,4.1,63,Company - Public,523
524,"EMINENT, INC.",3.4,68,Company - Private,524
525,Dollar Shave Club,3.8,80,Company - Private,525
526,"Leo Tech, LLC",3.5,73,Company - Private,526
527,TikTok,3.8,63,Company - Private,527
528,"Recargo, Inc., makers of PlugShare",-1,57,NULL,528
529,Easyfind Company,-1,81,Company - Private,529
530,City National Bank,3.6,72,Subsidiary or Business Segment,530
531,"U.S. Auto Parts Network, Inc.",3.4,82,Company - Public,531
532,MyLife.com,3.1,59,Company - Private,532
533,Center for Family Health and Education,1,83,Company - Public,533
534,DISQO,4.7,64,Company - Private,534
535,Dot 818,-1,64,NULL,535
536,BBCN Bank,-1,59,NULL,536
537,Launch Infotech,-1,84,NULL,537
538,Tech Air,3.9,73,Company - Private,538
539,Network Medical Management Inc,2.5,75,Company - Public,539
540,Midcom,3.5,85,Company - Private,540
541,Odesus,3.8,62,Company - Private,541
542,Unilever,4,80,Company - Public,542
543,Blue Shield of California,4.1,78,Nonprofit Organization,543
544,Clear Technology Consulting,-1,64,NULL,544
545,Airgas,3.8,73,Company - Public,545
546,Apollo Global Management,3,57,Company - Public,546
547,Revolve,3.3,68,Company - Public,547
548,Georgia IT Inc.,5,68,Company - Private,548
549,Bank Of Hope,2.6,59,Company - Public,549
550,KIPP SoCal Public Schools,3.3,59,Nonprofit Organization,550
551,Genuent,3.5,64,Company - Private,551
552,SCAN Health Plan,3.2,73,Nonprofit Organization,552
553,"NetSource, Inc.",2.5,59,Company - Private,553
554,"Quinn Group, Inc.",3.3,86,Company - Private,554
555,"zz-Tarzana Treatment Centers, Inc.",-1,74,NULL,555
556,Pacific Clinics,2.9,81,Nonprofit Organization,556
557,Quinn Group,5,86,Company - Private,557
558,DT Professional Services,-1,59,Company - Public,558
559,NRC INC,4,59,Company - Private,559
560,LaBine & Associates,5,58,Company - Private,560
561,Quinn Company CAT,3.3,86,Company - Private,561
562,"NTT DATA, Inc.",2.9,62,Company - Private,562
563,AppleOne,3.3,78,Company - Private,563
564,Shapestone Inc.,-1,62,NULL,564
565,Lorven Technologies Inc,4,81,Company - Private,565
566,SCAN Healthplan,-1,73,NULL,566
567,Information Technology Partners,2.8,62,Company - Private,567
568,Providence Health & Services,3.4,61,Nonprofit Organization,568
569,To Help Everyone Health & Wellness Centers,2.4,59,Nonprofit Organization,569
570,USDM Life Sciences,4.6,58,Company - Private,570
571,SkillsetGroup - Professional Staffing Solutions,2.9,87,Company - Private,571
572,PIH Health,3.6,88,Nonprofit Organization,572
573,KLM Careers,-1,71,NULL,573
574,TopTalentFetch,-1,71,NULL,574
575,Stark HR Consulting LLC,-1,71,NULL,575
576,"AlphaProTemps, A.P.R., Inc.",-1,89,NULL,576
577,Devotion Business Solutions,-1,71,NULL,577
578,Wintrust Financial,3.9,90,Company - Public,578
579,NCSA - Next College Student Athlete,3.7,90,Company - Private,579
580,Riskonnect,3.7,90,Company - Private,580
581,Centric Consulting,5,90,Company - Private,581
582,GoHealth,3.2,90,Company - Private,582
583,Kelly,3.4,91,Company - Public,583
584,Kelly,3.4,90,Company - Public,584
585,Undertone,3.8,90,Subsidiary or Business Segment,585
586,Mike's Hard Lemonade,2.8,90,Company - Private,586
587,Allscripts,3.3,90,Company - Public,587
588,Circle Logistics,3.7,90,Company - Private,588
589,University of Chicago,4,90,College / University,589
590,Mondo,3.9,90,Company - Private,590
591,KesarWeb,-1,90,Company - Private,591
592,Swoon,4.6,91,Company - Private,592
593,Bosch Group,4.1,92,Company - Private,593
594,Tempus,3.3,90,Company - Private,594
595,Feeding America,3.3,90,Nonprofit Organization,595
596,CRS Group,4.7,90,Company - Private,596
597,Peterson Technology Partners,4.3,90,Contract,597
598,BMO,3.2,90,Subsidiary or Business Segment,598
599,AppleOne,3.3,91,Company - Private,599
600,Robert Bosch Tool Corporation,3.1,92,Subsidiary or Business Segment,600
601,Chicago Public Schools,3.5,90,School / School District,601
602,Chicago,3.3,90,Government,602
603,Guggenheim Partners,3.8,90,Private Practice / Firm,603
604,Milliman,3.8,90,Company - Private,604
605,BMO Financial Group,3.7,90,Company - Public,605
606,UST Global,4.2,90,Company - Private,606
607,First Stop Health,4.6,90,Company - Private,607
608,MeadWestVaco,3.2,93,Company - Public,608
609,Care Advisors Inc,3.5,90,Company - Private,609
610,Ann & Robert H. Lurie Children's Hospital of Chicago,3.7,90,Nonprofit Organization,610
611,"TEKsystems, Inc",3.9,90,Subsidiary or Business Segment,611
612,MT Global US INC,-1,90,Company - Private,612
613,HNI,3.4,90,Company - Public,613
614,SkySource Solutions,4.1,91,Company - Public,614
615,"Staffigo Technical Services, LLC",5,90,Company - Private,615
616,Flexport,3.5,90,Company - Private,616
617,Randstad,3.7,91,Subsidiary or Business Segment,617
618,Lantana Consulting Group,4,90,Company - Private,618
619,PDI,3.5,90,Unknown,619
620,"Level Ex, Inc.",3.6,90,Company - Private,620
621,Chicago Teachers Pension Fund,3,90,Government,621
622,Show Me Leads,-1,90,NULL,622
623,Leap,-1,90,Company - Private,623
624,Diverse Lynx,3.9,90,Company - Private,624
625,Tempus Labs,3.2,90,Company - Private,625
626,TalentDash,-1,90,Company - Private,626
627,VIVA USA INC,4.6,90,Company - Private,627
628,360pi,4.2,90,Company - Private,628
629,Leap,3.9,90,Nonprofit Organization,629
630,Braviant Holdings,4.8,90,Company - Private,630
631,Bartech Group,-1,94,Company - Private,631
632,Lorven Technologies Inc,4,90,Company - Private,632
633,Rush University Medical Center,3.9,90,Hospital,633
634,TechUSA,2.7,90,Company - Private,634
635,Alliant Credit Union,3.4,95,Nonprofit Organization,635
636,Green Key Resources,4.5,90,Company - Private,636
637,Accounting Aid Society,3.7,90,Nonprofit Organization,637
638,Roig Lawyers,4,96,Private Practice / Firm,638
639,"PrivateBancorp, Inc.",3.2,90,Company - Public,639
640,PDI Software,3.2,90,Company - Private,640
641,Invenergy,3.8,90,Company - Private,641
642,EY,3.8,90,Company - Private,642
643,WIN Home Inspection,3.9,90,Franchise,643
644,Ferrara Candy Company,3.5,90,Company - Private,644
645,The Accuro Group,3,90,Company - Private,645
646,BDP International,3,90,Company - Private,646
647,Numerator,3.9,90,Company - Private,647
648,Empire Today,3.7,97,Company - Private,648
649,El Hogar del Nino - The Home of the Child,-1,90,NULL,649
650,"Fast Switch, LTD",4.3,98,Company - Private,650
651,Sphinix Solutions,1,90,Company - Private,651
652,Epiq Systems,3.6,90,Company - Private,652
653,MRINetwork,4,99,Subsidiary or Business Segment,653
654,PEAK6 Investments,2.9,90,Company - Private,654
655,ABS Graphics,2.5,100,Company - Private,655
656,Willis Towers Watson,3.6,90,Company - Public,656
657,Kforce,4.1,101,Company - Public,657
658,The Chicago Lighthouse,3.3,90,Company - Private,658
659,Genesys Talent,4.8,98,Company - Private,659
660,1872 Consulting,5,90,Company - Private,660
661,"Stampede Meat, Inc.",3.3,102,Company - Private,661
662,ALERE,2.8,90,Company - Public,662
663,Kelly Mitchell Group,3.6,91,Company - Private,663
664,Ernst & Young LLP,-1,90,NULL,664
665,"TreeHouse Foods, Inc.",2.5,103,Company - Public,665
666,NJF Global Holdings,4.2,90,Company - Private,666
667,Net2Source,3.2,98,Company - Private,667
668,Ongig,4.8,93,Company - Private,668
669,HIMSS,2.9,90,Nonprofit Organization,669
670,Flagstone Foods,3.4,103,Company - Public,670
671,University of Illinois at Chicago,4.1,90,College / University,671
672,Northern Trust,3.7,90,Company - Public,672
673,Foresight ROI,5,90,Company - Private,673
674,LEARN Charter School,4.1,90,School / School District,674
675,BankFinancial Corporation,2.5,91,Company - Public,675
676,Avani Technology Solutions,4.5,90,Company - Private,676
677,Trilogy Behavioral Health,-1,90,NULL,677
678,Capital Management,2.1,90,Company - Private,678
679,Stark HR Consulting LLC,-1,90,NULL,679
680,Nuveen,3.3,90,Company - Private,680
681,Maine Pointe,4.5,90,Company - Private,681
682,"Synchronous Solutions, Inc",-1,90,Company - Private,682
683,HR Pundits,2,90,Company - Private,683
684,University of Illinois Medical Center,-1,90,NULL,684
685,Softpath System LLC,3.9,90,Company - Private,685
686,Trinity Health,3.3,104,Nonprofit Organization,686
687,Motorola Solutions,3.7,90,Company - Public,687
688,Medline Industries,3.4,105,Company - Private,688
689,Capgemini,3.8,90,Company - Public,689
690,Signode,3.2,106,Subsidiary or Business Segment,690
691,Cedent Consulting,3.3,90,Company - Private,691
692,UI Health,1.7,90,Company - Private,692
693,Robert Half,3.5,90,Company - Public,693
694,Jobot,5,90,Company - Private,694
695,Square One Resources,4.3,90,Company - Private,695
696,Esquire Recruiting,4.6,90,Company - Private,696
697,Source Alliance Network LLC,-1,90,Company - Private,697
698,Walgreens,3,96,Company - Public,698
699,Steiner Electric Co,3,107,Company - Private,699
700,Hotel Compete,-1,90,NULL,700
701,"Xeris Pharmaceuticals, Inc.",5,90,Company - Public,701
702,Sahara Management Inc.,4,95,Company - Private,702
703,IlliniCare Health Plan,2.2,90,Company - Public,703
704,Medical Home Network,-1,90,Company - Public,704
705,Metropolitan Family Services,3.2,90,Company - Private,705
706,Kbyte Systems LLC.,-1,90,NULL,706
707,University of Illinois Hospital & Health Sciences System,3.3,90,College / University,707
708,Centene Corporation,3.3,90,Company - Public,708
709,RiverPoint,2.8,90,Company - Private,709
710,"Retail Business Services, LLC",3.9,90,Company - Public,710
711,22nd Century Technologies,3.7,90,Company - Private,711
712,RiverPoint,3.8,90,Company - Private,712
713,Lorven Technologies Inc,4,108,Company - Private,713
714,Carnegie Soft,-1,90,NULL,714
715,PNC Financial Services Group,3.4,91,Company - Public,715
716,N.F. Smith & Associates,4.1,109,Company - Private,716
717,Virtus Partners LLC,2.8,109,Company - Private,717
718,Smith and Associates,3,109,Self-employed,718
719,Andiamo,3.5,109,Company - Private,719
720,Crown Castle USA Inc,3.6,109,Company - Public,720
721,Luminess Cosmetics,2.7,110,Company - Private,721
722,Mondo,3.9,109,Company - Private,722
723,cPanel,3.9,109,Company - Private,723
724,Harris County,3.4,109,Government,724
725,Entera,-1,109,Company - Private,725
726,Genesys Talent,4.8,109,Company - Private,726
727,Horne LLP,3.1,109,Company - Private,727
728,The Bank of New York Mellon,3.2,109,Company - Public,728
729,McLane Global,4,109,Company - Private,729
730,H-GAC,-1,109,NULL,730
731,Kelsey-Seybold Medical Group,3.6,111,Private Practice / Firm,731
732,Pareto Systems,4.3,110,Company - Private,732
733,Arthur Lawrence,4.1,109,Company - Private,733
734,Houston Exponential,-1,109,NULL,734
735,Houston-Galveston Area Council,2.5,109,Government,735
736,Rosen,3.7,109,Company - Private,736
737,"Imperastaff, LLC",-1,109,Company - Public,737
738,Randstad US,3.7,109,Subsidiary or Business Segment,738
739,Competentia Holding,4.9,109,Company - Private,739
740,FIS,3.6,109,Company - Public,740
741,"Avetta, LLC",3.9,109,Company - Private,741
742,Lorven Technologies Inc,4,109,Company - Private,742
743,InvenTech Info,4.8,109,Company - Private,743
744,Centraprise,4.2,109,Company - Private,744
745,"Staffigo Technical Services, LLC",5,109,Company - Private,745
746,National Computing Group,4.7,109,Company - Private,746
747,HealthHelp,2.5,109,Subsidiary or Business Segment,747
748,Encore Consulting Services,1,109,Company - Private,748
749,GeoDigital,2.4,109,Company - Private,749
750,ForeFlight,3.3,109,Company - Private,750
751,Capgemini,3.8,109,Company - Public,751
752,ICF,3.5,109,Company - Public,752
753,G.A.S. Global,3,109,Company - Private,753
754,Purity Technology LLC,5,109,Company - Private,754
755,Corporate,2,109,Company - Private,755
756,Robert Half,3.5,109,Company - Public,756
757,EAG Services,4.6,109,Company - Private,757
758,Sun and Ski Sports,3.6,109,Company - Private,758
759,"Simplex info systems Inc,",4.2,109,Company - Private,759
760,Army Houston Recruiting Battalion,3.6,109,Government,760
761,Wellcare,3.7,109,Company - Public,761
762,Yochana,2.9,109,Company - Private,762
763,SM LOgics Inc,-1,112,Company - Public,763
764,TechUSA,2.7,113,Company - Private,764
765,Centene Corporation,3.3,109,Company - Public,765
766,Kelsey Seybold Clinic,3.6,111,Private Practice / Firm,766
767,Harris Health System,3.4,109,Government,767
768,Delphi-US,3.6,109,Company - Private,768
769,Sharpedge Solutions Inc,4.7,109,Company - Private,769
770,Smith Hanley Associates,4.5,109,Company - Private,770
771,AllRedi,-1,113,NULL,771
772,"Infomerica, Inc",4,109,Company - Private,772
773,Servient,4,109,Company - Private,773
774,Premier Medical Resources,2,109,Company - Private,774
775,Icon Consultants,3.8,109,Company - Private,775
776,UTHealth Houston,4,109,College / University,776
777,Radiology Partners,3.2,109,Company - Private,777
778,The Jupiter Group,4.4,114,Unknown,778
779,Crawford Thomas Recruiting,5,109,Company - Private,779
780,Jobot,5,112,Company - Private,780
781,Talbridge Corporation,-1,109,Contract,781
782,eTeam Inc.,3.7,109,Company - Private,782
783,LanceSoft Inc,3.8,109,Company - Private,783
784,"Central Business Solutions, Inc",3,109,Company - Private,784
785,Professional Enrollment Concepts,3.3,109,Company - Private,785
786,Texas Dow Employees Credit Union,3.1,112,Nonprofit Organization,786
787,Harris County Appraisal District,2.2,109,Government,787
788,MUFG,3.1,115,Company - Public,788
789,Integrate,4.4,116,Company - Private,789
790,Desert Financial Credit Union,3.2,116,Company - Public,790
791,Corbins Electric,3.7,116,Company - Private,791
792,"The Judge Group, Inc.",3.5,116,Company - Private,792
793,Discount Tire,4,117,Company - Private,793
794,Robert Half,3.5,116,Company - Public,794
795,"TekCom Resources, Inc.",4.9,116,Company - Private,795
796,Viasat,4.1,116,Company - Public,796
797,National Education Partners,4.6,117,Company - Private,797
798,Parker & Lynch,3.6,116,Company - Public,798
799,The Accuro Group,3,115,Company - Private,799
800,Modis,3.2,116,Subsidiary or Business Segment,800
801,Gatestone & Co. Inc,2.9,116,Company - Private,801
802,Diverse Lynx,3.9,115,Company - Private,802
803,FAMILY INVOLVEMENT CENTER,3.6,116,Nonprofit Organization,803
804,Career Evolutions,2.5,117,Company - Private,804
805,ON Semiconductor,3.6,116,Company - Public,805
806,Charles Schwab,3.6,116,Company - Public,806
807,Softcom Systems,4.4,115,Company - Private,807
808,Door Sales & Installations,-1,115,NULL,808
809,Alaska USA,3.4,118,Other Organization,809
810,The Paragon Group,2.9,117,Company - Public,810
811,Amazon,3.9,115,Company - Public,811
812,AlaskaUSA Mortgage Company,-1,118,NULL,812
813,MLWIZ Team,-1,116,Company - Private,813
814,Net Orbit Inc,4.3,115,Company - Private,814
815,Arizona State University,4.3,115,College / University,815
816,PK,3.6,116,Company - Private,816
817,Mondo,3.9,116,Company - Private,817
818,IntraEdge,3.8,115,Company - Private,818
819,"Circle K Stores, Inc.",2.9,115,Company - Public,819
820,Shamrock Foods,3.4,116,Company - Private,820
821,Tech Finders,3.4,116,Company - Private,821
822,Infotree Service Inc,3.7,119,Company - Private,822
823,O'Reilly Automotive,3.1,116,Company - Public,823
824,Sanford Federal,-1,116,Company - Private,824
825,Uhaul,3.1,116,Company - Public,825
826,Matrix Medical Network,2.5,117,Company - Private,826
827,"Avacend, Inc.",2.5,115,Company - Private,827
828,Kaygen Inc.,3.9,116,Company - Private,828
829,Nucleusteq,5,116,Company - Private,829
830,Isaac Elementary School District #5,-1,116,NULL,830
831,Strategic Systems,4.5,115,Company - Private,831
832,Edupoint,3.3,120,Company - Private,832
833,Vanguard,3.2,117,Company - Private,833
834,Efinancial,3.5,115,Company - Private,834
835,Envision Healthcare,3,116,Company - Private,835
836,Bartech Group,-1,119,Company - Private,836
837,Envision Physician Services,3.6,116,Company - Private,837
838,Saviance Technologies,4,116,Company - Private,838
839,Atos Syntel Inc.,3.5,116,Subsidiary or Business Segment,839
840,Diverse Lynx,3.9,116,Company - Private,840
841,Na Ali'i,4.3,121,Company - Private,841
842,"Capgemini America, Inc.",-1,115,NULL,842
843,Mastech Digital,4.5,116,Company - Public,843
844,Minit Charger,-1,115,Company - Private,844
845,Discount Tire Corporate Careers,-1,117,NULL,845
846,Wilco Source,4.3,117,Company - Private,846
847,Green Lion Search Group,-1,115,NULL,847
848,Pegasus Knowledge Solutions,4.2,117,Company - Private,848
849,AllianceRx Walgreens Prime,2.7,115,Company - Private,849
850,Signature Consultants,3.6,119,Company - Private,850
851,Pure Flix Digital,-1,117,NULL,851
852,Softcom Systems,4.4,116,Company - Private,852
853,"The Judge Group, Inc.",3.5,115,Company - Private,853
854,First American Financial Corporation,3.4,117,Company - Public,854
855,"ICST, LLC",3.6,118,Company - Private,855
856,Equity Methods,3.8,117,Company - Private,856
857,Desert Choice Transport,-1,118,NULL,857
858,Stantec,3.7,119,Company - Public,858
859,CSAA Insurance Group,3.7,118,Company - Private,859
860,Crisis Response Network,3.8,115,Nonprofit Organization,860
861,Georgia IT Inc.,5,116,Company - Private,861
862,Kforce,4.1,119,Company - Public,862
863,Kineticom,4.1,119,Company - Private,863
864,InterSources Inc.,4.1,120,Company - Private,864
865,GTN Technical Staffing,4,115,Company - Private,865
866,"AOC Solutions, Inc.",3.8,121,Company - Private,866
867,LiveMindz,-1,115,Company - Private,867
868,Blue Cross Blue Shield of Arizona,3.1,116,Nonprofit Organization,868
869,Avani Technology Solutions,4.5,117,Company - Private,869
870,AUDACIOUS STUDIOS LLC,-1,115,Company - Private,870
871,TransPerfect,2.8,115,Company - Private,871
872,CVS Health,2.9,117,Company - Public,872
873,Greenphire,3.6,122,Company - Private,873
874,ECRI,3.6,123,Nonprofit Organization,874
875,United BioSource,2.3,124,Other Organization,875
876,Revantage Corporate Services,3.2,125,Company - Private,876
877,Community Behavioral Health,3.6,126,Company - Private,877
878,STRATIS IoT Inc,4.7,126,Company - Private,878
879,Ampcus Incorporated,3.9,126,Company - Private,879
880,Mondo,3.9,127,Company - Private,880
881,2000 east westmoreland st llc,-1,122,NULL,881
882,Mondo,3.9,128,Company - Private,882
883,Seer Interactive,3.8,126,Company - Private,883
884,"Staffigo Technical Services, LLC",5,126,Company - Private,884
885,Ernst & Young LLP,-1,126,NULL,885
886,"Tetra Tech, Inc.",3.7,126,Company - Public,886
887,"Keen360, Inc.",5,129,Company - Private,887
888,"The Judge Group, Inc.",3.5,130,Company - Private,888
889,Apex Systems,3.8,126,Subsidiary or Business Segment,889
890,"Micro-Data Systems, Inc.",4.2,126,Company - Private,890
891,Techligent,3.3,126,Company - Private,891
892,Gopuff,3.3,126,Company - Private,892
893,Collabera,4.1,126,Company - Private,893
894,Mondo,3.9,131,Company - Private,894
895,University of Pennsylvania,4.3,126,College / University,895
896,"VSE, Inc.",4.1,131,Company - Private,896
897,Eastern Metal Recycling,3.5,130,Company - Private,897
898,EY,3.8,126,Company - Private,898
899,Red Tettemer,3.6,126,Company - Private,899
900,Robert Half,3.5,126,Company - Public,900
901,IntegriChain,3.2,126,Company - Private,901
902,PMHCC Inc.,2.4,126,Nonprofit Organization,902
903,AmeriHealth Caritas,3.1,126,Company - Private,903
904,Temple University Health System,3.5,126,Hospital,904
905,Wittij Consulting,-1,126,Unknown,905
906,JPMorgan Chase & Co.,3.9,127,Company - Public,906
907,Avantor,2.4,132,Company - Public,907
908,Amerihealth Caritas Health Plan,-1,126,NULL,908
909,Tandigm Health LLC,4.2,133,Company - Private,909
910,Amplify Systems,-1,128,Company - Public,910
911,DL Staffing Solutions,-1,126,NULL,911
912,Change Healthcare,2.7,122,Company - Public,912
913,Bryn Mawr Communications LLC,4.6,134,Company - Private,913
914,Dextro Software Systems,3.5,135,Company - Private,914
915,Vanguard,3.2,128,Company - Private,915
916,TechUSA,2.7,126,Company - Private,916
917,Mondo,3.9,126,Company - Private,917
918,ConnectiveRx,3.1,122,Company - Private,918
919,Piper Companies,4.5,129,Company - Private,919
920,"Innovative Development, LLC",3.8,136,Company - Private,920
921,Philabundance,3.2,126,Nonprofit Organization,921
922,Kforce Technology Staffing,-1,127,NULL,922
923,FredBeans,-1,137,NULL,923
924,"Genuent Global, LLC",3.5,134,Company - Private,924
925,"Fred Beans Parts, Inc",1.8,137,Company - Private,925
926,CHOP,3.7,126,Nonprofit Organization,926
927,"Login Consulting Services, Inc",3.8,138,Company - Private,927
928,ORS Partners,4,139,Company - Private,928
929,Fred Beans,3.9,137,Company - Private,929
930,"Zachary Piper Solutions, LLC",3.9,129,Company - Private,930
931,Infinity Consulting Solutions,3.4,127,Company - Private,931
932,"PMHCC, Inc.",2.4,126,Nonprofit Organization,932
933,Angeion Group,3.2,140,Company - Private,933
934,"iTech Solutions, Inc",3.8,141,Company - Private,934
935,AccessLex Institute,2.6,142,Nonprofit Organization,935
936,TD Bank,3.9,143,Company - Public,936
937,Boeing,3.7,144,Company - Public,937
938,TeamSoft,4.7,134,Company - Private,938
939,Freedom Mortgage,4.2,143,Company - Private,939
940,"Computer Enterprises, Inc.",3.5,126,Company - Private,940
941,Weston Solutions Inc.,3.5,142,Company - Private,941
942,McGrath Systems,3.7,145,Company - Private,942
943,DL Staffing Solutions,-1,146,NULL,943
944,"Numeric, LLC",3.2,126,Company - Private,944
945,Kforce,4.1,127,Company - Public,945
946,LiveMindz,-1,126,Company - Private,946
947,A2C Consulting,3.6,126,Company - Private,947
948,APN Software Services Inc.,4.1,123,Company - Private,948
949,Contemporary Staffing Solutions,4.4,126,Company - Private,949
950,The Judge Group,3.5,134,Company - Private,950
951,Versant Health,2.3,147,Company - Private,951
952,Micro-Data Systems Inc.,4.2,126,Company - Private,952
953,Avantor,2.4,134,Company - Public,953
954,Tetra Tech,3.7,126,Company - Public,954
955,Eastern Airlines LLC,2.7,134,Company - Private,955
956,NextGen Global Resources LLC,4.3,126,Subsidiary or Business Segment,956
957,The Judge Group,3.5,148,Company - Private,957
958,amerihealth,3.7,126,Subsidiary or Business Segment,958
959,GSK,3.9,126,Company - Public,959
960,ConcertAI,-1,122,NULL,960
961,Pharmica Consulting,-1,149,Company - Private,961
962,Eurofins,3.4,150,Company - Private,962
963,Freedom Mortgage,4.2,151,Company - Private,963
964,Cambridge Advisory Group,5,122,Company - Private,964
965,Cooper University Health Care,3.3,130,Hospital,965
966,Diverse Lynx,3.9,128,Company - Private,966
967,Philadelphia 76ers - HBSE,-1,130,NULL,967
968,Forfeiture Support Associates,2.8,126,Company - Private,968
969,"Management Decisions, Inc.",1.6,126,Company - Public,969
970,SRG Woolf,4.6,122,Company - Private,970
971,Adaptimmune Ltd,3.3,126,Company - Public,971
972,Trillium Solutions Group,4.8,129,Private Practice / Firm,972
973,Eurofins USA PSS Insourcing Solutions,-1,150,NULL,973
974,The Judge Group,3.5,127,Company - Private,974
975,EUROFINS SCIENT.,-1,150,NULL,975
976,"Staffigo Technical Services, LLC",5,127,Company - Private,976
977,TE Connectivity,3.6,145,Company - Public,977
978,Future Technologies Inc.,3.3,152,Company - Private,978
979,BNY Mellon,3.2,127,Company - Public,979
980,Fox Chase Cancer Center,4,126,Nonprofit Organization,980
981,"Technocrafts, Inc.",3.9,153,Company - Private,981
982,Ionidea,3.4,153,Company - Private,982
983,CYNET SYSTEMS,4,153,Company - Private,983
984,Integrated Resources,3.1,153,Company - Private,984
985,Deacon Recruiting,3,153,Company - Private,985
986,Indotronix International Corporation,3.9,153,Company - Private,986
987,Diverse Lynx,3.9,153,Company - Private,987
988,Huntington Ingalls Industries,3.7,153,Company - Public,988
989,Principle Auto,4.1,153,Company - Private,989
990,C2 GPS- Alamo Workforce,3.4,153,Company - Private,990
991,Vantage Bank Texas,3.4,153,Company - Private,991
992,H E B,4.3,153,Company - Private,992
993,Vinsari,2.5,153,Other Organization,993
994,"CICONIX, LLC",4,153,Company - Private,994
995,"Amyx, Iinc.",-1,153,NULL,995
996,NJVC,2.8,153,Company - Private,996
997,Randstad,3.7,153,Subsidiary or Business Segment,997
998,"Staffigo Technical Services, LLC",5,153,Company - Private,998
999,"Amyx, Inc.",4,153,Company - Private,999
1000,Scaleworks,4.5,153,Company - Private,1000
1001,HCL Technologies Ltd.,3.5,153,Company - Public,1001
1002,CDO Technologies Inc,3.3,153,Company - Private,1002
1003,Cherokee Federal,-1,153,Nonprofit Organization,1003
1004,Kforce,4.1,153,Company - Public,1004
1005,PETCO,2.9,153,Company - Private,1005
1006,eTeam Inc.,3.7,153,Company - Private,1006
1007,LMI,4,153,Nonprofit Organization,1007
1008,CAMRIS International,4,153,Company - Private,1008
1009,General Dynamics Information Technology,3.5,154,Subsidiary or Business Segment,1009
1010,Convene Technologies,3.3,153,Company - Private,1010
1011,Cyber Warrior Network,-1,153,Company - Private,1011
1012,nana,2.6,153,Unknown,1012
1013,Akima Management Services,3.3,153,Company - Private,1013
1014,Chenega Healthcare Services,3.8,153,Subsidiary or Business Segment,1014
1015,"Cherokee Nation Businesses, LLC",3.2,153,Company - Private,1015
1016,Spectrum Comm,3.8,154,Company - Private,1016
1017,Peyton Resource Group,3.9,153,Company - Private,1017
1018,Softcom Systems,4.4,153,Company - Private,1018
1019,Cherokee Federal,-1,155,Nonprofit Organization,1019
1020,Strategic Staffing Solutions,3.1,153,Contract,1020
1021,CACI International,3.6,156,Company - Public,1021
1022,Midland Credit Management,3.3,156,Subsidiary or Business Segment,1022
1023,UC San Diego,4.3,156,College / University,1023
1024,HealthStream,3,156,Company - Public,1024
1025,Conflux Systems Inc.,4.5,156,Company - Private,1025
1026,22nd Century Technologies,3.7,156,Company - Private,1026
1027,University of California,4.2,156,College / University,1027
1028,University of California - San Diego Medical Centers,3.7,156,Hospital,1028
1029,"BD (Becton, Dickinson and Company)",4,156,Company - Private,1029
1030,Client Solution Architects,3.4,156,Company - Private,1030
1031,Cue,4.2,156,Company - Private,1031
1032,"Staffigo Technical Services, LLC",5,156,Company - Private,1032
1033,Encore Capital Group,3.2,156,Company - Public,1033
1034,ProMedia,4.4,156,Company - Private,1034
1035,Axos Bank,3.4,156,Company - Public,1035
1036,Sayva Solutions,4.8,156,Company - Private,1036
1037,The Rock Church,5,156,Nonprofit Organization,1037
1038,Stem,3.2,156,Company - Private,1038
1039,Tandem Diabetes,3.8,156,Company - Public,1039
1040,Illumina,3.9,156,Company - Public,1040
1041,Forfeiture Support Associates,2.8,156,Company - Private,1041
1042,General Dynamics,3.5,156,Company - Public,1042
1043,Potomac Management,3.5,156,Nonprofit Organization,1043
1044,Operation Samahan Health Clinic,-1,157,NULL,1044
1045,"Dexcom, Inc.",3.5,156,Company - Public,1045
1046,BD,3.6,156,Company - Public,1046
1047,Vertex Pharmaceuticals,3.3,156,Company - Public,1047
1048,Kelly,3.4,156,Company - Public,1048
1049,Kaiser Permanente,4,156,Nonprofit Organization,1049
1050,Web Shop Manager,4.2,156,Company - Private,1050
1051,Housecall Pro,4.6,156,Company - Private,1051
1052,Intuit,4.4,156,Company - Public,1052
1053,The RiverStone Group,-1,156,Unknown,1053
1054,Interpreta,2.3,156,Company - Private,1054
1055,Centene Corporation,3.3,156,Company - Public,1055
1056,"Verity, A HealthStream Company",4.1,156,Subsidiary or Business Segment,1056
1057,Amentum,3.2,156,Company - Public,1057
1058,Russell Tobin & Associates,3.5,156,Subsidiary or Business Segment,1058
1059,Perspecta,3.3,156,Company - Public,1059
1060,MedImpact,2.5,156,Company - Private,1060
1061,Gossamer Bio,-1,156,Company - Public,1061
1062,Sycuan Casino,3.3,158,Company - Private,1062
1063,California State University,4.1,156,College / University,1063
1064,"Sunrise Systems, Inc.",3.7,156,Company - Private,1064
1065,World Wide Technology,4.2,156,Company - Private,1065
1066,The Carrera Agency,4.9,156,Company - Private,1066
1067,General Dynamics Information Technology,3.5,156,Subsidiary or Business Segment,1067
1068,Kelly IT,3.4,156,Company - Private,1068
1069,Vervent,3.5,156,Company - Private,1069
1070,SBG Techology Solutions,3.7,156,Company - Private,1070
1071,"Insight Enterprises, Inc.",4.1,159,Company - Public,1071
1072,Harris Computer,4.3,160,Subsidiary or Business Segment,1072
1073,Lidl,3.3,161,Company - Private,1073
1074,Delmarva Foundation,3.1,162,Nonprofit Organization,1074
1075,"Pieces Technology, Inc.",4.9,162,Company - Private,1075
1076,Addison Group,3.3,162,Company - Private,1076
1077,Mondo,3.9,162,Company - Private,1077
1078,Goldman Sachs,4,162,Company - Public,1078
1079,PeopleFun,5,163,Company - Private,1079
1080,The Richards Group,3.7,162,Company - Private,1080
1081,Federal Reserve Bank,3.7,162,Company - Private,1081
1082,TekniSMart Solutions,3.8,162,Contract,1082
1083,"InfoVision, Inc.",4.4,162,Company - Private,1083
1084,Dallas County,3.1,162,Government,1084
1085,Atos,3.4,164,Company - Public,1085
1086,Yeti Technologies,-1,164,Company - Public,1086
1087,Nokia,4.1,162,Company - Public,1087
1088,"The Judge Group, Inc.",3.5,163,Company - Private,1088
1089,Precision,3.3,162,Company - Private,1089
1090,"ZeniMax Media, Inc.",3.4,162,Company - Private,1090
1091,Match Group,2.8,162,Company - Private,1091
1092,Hilltop Holdings,2.9,164,Company - Public,1092
1093,Texas Scottish Rite Hospital for Children,4,162,Nonprofit Organization,1093
1094,"Staffigo Technical Services, LLC",5,162,Company - Private,1094
1095,Human Coalition,2.9,159,Nonprofit Organization,1095
1096,Capgemini,3.8,162,Company - Public,1096
1097,Diversant LLC,3.8,162,Company - Private,1097
1098,Dallas ISD,3.3,162,School / School District,1098
1099,StaffingSoft Inc.,-1,164,NULL,1099
1100,Signify Health,3.6,162,Company - Private,1100
1101,Kforce,4.1,162,Company - Public,1101
1102,Financial Additions,4.6,162,Company - Private,1102
1103,Dallas Independent School District,3.3,162,School / School District,1103
1104,First American Financial Corporation,3.4,164,Company - Public,1104
1105,Federal Reserve Bank (FRB),4.1,162,Government,1105
1106,1,-1,162,NULL,1106
1107,VITALWARE LLC,3.8,162,Company - Private,1107
1108,Atos Healthcare,-1,164,NULL,1108
1109,Kubota Tractor,3.6,165,Subsidiary or Business Segment,1109
1110,Trinity Industries,2.9,162,Company - Public,1110
1111,Randstad US,3.7,159,Subsidiary or Business Segment,1111
1112,L&T Infotech,3.5,164,Company - Public,1112
1113,Federal Reserve Bank of Richmond,3.6,162,Nonprofit Organization,1113
1114,Sphinix Solutions,1,159,Company - Private,1114
1115,A-Line Staffing Solutions,4.1,162,Company - Private,1115
1116,Atmos Energy Corp.,3.8,162,Company - Public,1116
1117,Citi,3.7,164,Company - Public,1117
1118,North Central Texas Council of Governments,2.6,161,Nonprofit Organization,1118
1119,Corporate G. LLC,-1,162,Company - Private,1119
1120,McAfee,3.5,159,Company - Private,1120
1121,"Conch Technologies, Inc",4.6,159,Company - Private,1121
1122,Apex Systems,3.8,164,Subsidiary or Business Segment,1122
1123,RealPage,2.8,163,Company - Public,1123
1124,Mary Kay,3.9,166,Company - Private,1124
1125,Mobilityware,4.5,162,Company - Private,1125
1126,AustinCSI,3,165,Company - Private,1126
1127,Apptricity Corporation,4.4,164,Company - Private,1127
1128,Mitchell Martin,4.1,159,Company - Private,1128
1129,National NeuroMonitoring,4.3,167,Company - Private,1129
1130,PriceSenz,5,164,Company - Public,1130
1131,MOA,1.9,159,Unknown,1131
1132,NTT DATA,3.4,164,Company - Public,1132
1133,Ho Chunk,2.8,161,Company - Private,1133
1134,Precision technologies corp,4.2,159,Company - Private,1134
1135,Optum Consumer Solutions Group,-1,159,NULL,1135
1136,Mosaic Sales Solutions,3.4,164,Company - Private,1136
1137,"One Call Claims, LLC",3.2,162,Company - Private,1137
1138,Prudent Technologies & Consulting,4.2,165,Company - Private,1138
1139,Daylight Solutions,4.7,162,Company - Private,1139
1140,LeadsOnline LLC,4.6,159,Company - Private,1140
1141,Excite Health Partners,3.8,162,Company - Private,1141
1142,PROLIM Global Corporation,3.4,162,Company - Private,1142
1143,ADT,3.1,164,Company - Public,1143
1144,"Pinnacle Technical Resources, Inc.",3.4,162,Company - Private,1144
1145,Insight UK,-1,159,Company - Private,1145
1146,eDataForce consulting LLC,3.4,162,Company - Private,1146
1147,"Real Soft, Inc / Diversity Direct",-1,162,NULL,1147
1148,"ServiceLink, a Black Knight Company",2.5,162,Subsidiary or Business Segment,1148
1149,Lightbeam Health Solutions,4,164,Company - Private,1149
1150,"Telnet (Rockville, MD)",2.8,162,Company - Private,1150
1151,Tarrant County,3.3,168,Government,1151
1152,Vastika,3.8,164,Company - Private,1152
1153,Financial Services Company,-1,162,NULL,1153
1154,University of Texas at Arlington,4.2,161,College / University,1154
1155,APN Software Services Inc.,4.1,159,Company - Private,1155
1156,Fairway Independent Mortgage Corporation,3.7,169,Company - Private,1156
1157,HCL America Inc.,3.5,159,Company - Public,1157
1158,Colfax Corporation,2.1,162,Company - Public,1158
1159,Bloomfield Homes,3.7,170,Subsidiary or Business Segment,1159
1160,ServiceLink,2.5,162,Subsidiary or Business Segment,1160
1161,Onyx CenterSource,3.6,162,Company - Private,1161
1162,Fleishman-Hillard Inc,3.3,162,Subsidiary or Business Segment,1162
1163,Kforce Technology Staffing,-1,159,NULL,1163
1164,JPMorgan Chase,3.9,166,Company - Public,1164
1165,eTeam Inc.,3.7,164,Company - Private,1165
1166,"BurnsSearch, LLC",-1,162,Company - Private,1166
1167,Mindteck,3.3,171,Company - Public,1167
1168,Georgia IT Inc.,5,162,Company - Private,1168
1169,Analytical Mechanics Associates,3.5,162,Company - Private,1169
1170,CarOffer,2.6,159,Company - Private,1170
1171,Harris Local Government Solutions Inc,-1,160,NULL,1171
1172,LifePath Systems,3.5,159,Government,1172
1173,Lorven Technologies Inc,4,163,Company - Private,1173
1174,Home Point Financial,3.4,172,Company - Private,1174
1175,Horn Solutions Inc.,4.2,162,Company - Private,1175
1176,DJO Global,3,162,Subsidiary or Business Segment,1176
1177,Kforce,4.1,159,Company - Public,1177
1178,silverXis inc,4,164,Other Organization,1178
1179,Community Hospital Corporation,3.2,159,Company - Private,1179
1180,Two95 International Inc.,4,164,Company - Private,1180
1181,CTG,3.5,162,Company - Private,1181
1182,Radiant Digital,4.5,162,Company - Private,1182
1183,PeopleNTech LLC,4.3,162,Contract,1183
1184,Ava Consulting,4.4,164,Company - Public,1184
1185,Molex,3.1,162,Company - Private,1185
1186,Net2Source,3.2,163,Company - Private,1186
1187,ClientSolv Technologies,3.3,160,Company - Private,1187
1188,Diverse Lynx,3.9,159,Company - Private,1188
1189,Community Hospital,3.5,159,Hospital,1189
1190,TECHNOCRAFT Solutions,3.4,163,Company - Private,1190
1191,Mill Creek Residential Trust,4.3,162,Company - Private,1191
1192,Employbridge,3.5,164,Company - Private,1192
1193,FirstAmerica,3.2,161,Company - Private,1193
1194,ArcBest,3.6,159,Company - Public,1194
1195,Peyton Resource Group (PRG),3.9,159,Company - Private,1195
1196,Searchlight Professional Networks,-1,162,NULL,1196
1197,Apex Systems,3.8,159,Subsidiary or Business Segment,1197
1198,Frontend Arts,4.5,164,Company - Private,1198
1199,"Laboratory Validation Specialists, Inc",-1,162,NULL,1199
1200,OneMain Financial,2.9,164,Company - Public,1200
1201,APN Software Services Inc.,4.1,160,Company - Private,1201
1202,OSI Engineering,4.5,173,Company - Private,1202
1203,NVIDIA,4.6,174,Company - Public,1203
1204,Risk Management Solutions (RMS),3.9,173,Company - Private,1204
1205,LeanData,4,174,Company - Private,1205
1206,Alteryx,3.3,175,Company - Public,1206
1207,Bandai Namco Entertainment America,3.1,174,Subsidiary or Business Segment,1207
1208,Kelly,3.4,176,Company - Public,1208
1209,Tesla Motors,3.4,177,Company - Public,1209
1210,L&T Infotech,3.5,178,Company - Public,1210
1211,IntraEdge,3.8,179,Company - Private,1211
1212,Connor Group,4,174,Company - Private,1212
1213,Xcutives.com Inc,-1,178,NULL,1213
1214,"Joomag, Inc.",3.9,178,Company - Private,1214
1215,Cognoa,4,180,Company - Private,1215
1216,ICONMA,3.6,176,Company - Private,1216
1217,Enjoy,3.8,180,Company - Private,1217
1218,Moveworks,5,181,Company - Private,1218
1219,Ursus,4.4,179,Company - Private,1219
1220,Nuro,4.4,181,Company - Private,1220
1221,"TalentBurst, Inc.",3.9,176,Company - Private,1221
1222,Randstad,3.7,182,Subsidiary or Business Segment,1222
1223,BayOne Solutions,4.1,182,Company - Private,1223
1224,Zipongo,4,178,Company - Private,1224
1225,Logic Planet,3.1,178,Company - Private,1225
1226,Netflix,3.9,183,Company - Public,1226
1227,Kaygen Inc.,3.9,178,Company - Private,1227
1228,"Iconma, L.L.C.",3.6,182,Company - Private,1228
1229,Diverse Lynx,3.9,178,Company - Private,1229
1230,Adwait Algorithm,4.4,174,Company - Private,1230
1231,"Netflix, Inc.",3.9,183,Company - Public,1231
1232,TechNet Inc.,5,178,Company - Private,1232
1233,Apple,4.1,174,Company - Public,1233
1234,"PDS Tech, Inc.",3.8,176,Company - Private,1234
1235,Power Integrations,3.8,178,Company - Public,1235
1236,Infotree Service Inc,3.7,178,Company - Private,1236
1237,Accounting Principals,4,178,Company - Public,1237
1238,Collabera,4.1,182,Company - Private,1238
1239,Lorven Technologies Inc,4,178,Company - Private,1239
1240,Crystal Equation,3.9,179,Company - Private,1240
1241,Frontend Arts,4.5,178,Company - Private,1241
1242,Wider Circle,2.4,175,Company - Private,1242
1243,Poshmark,4.8,175,Company - Private,1243
1244,Artech LLC,3.9,182,Company - Private,1244
1245,BayOne Solutions,4.1,178,Company - Private,1245
1246,Zolon Tech Solutions Inc.,4,176,Company - Private,1246
1247,"Staffigo Technical Services, LLC",5,178,Company - Private,1247
1248,EApps Tech LLC,-1,182,NULL,1248
1249,enexusglobal,-1,178,NULL,1249
1250,Lodestone,4.5,179,Company - Private,1250
1251,SAP,4.6,180,Company - Public,1251
1252,Calsoft Labs,3.2,176,Company - Private,1252
1253,IntelliPro Group Inc.,4.1,178,Company - Private,1253
1254,Exact Sciences Corporation,4,175,Company - Public,1254
1255,Stanford University,4.3,184,College / University,1255
1256,Softcom Systems,4.4,178,Company - Private,1256
1257,"John Wiley & Sons, Inc.",3.3,183,Company - Public,1257
1258,Cadence Design Systems,4.1,178,Company - Public,1258
1259,Tech Firefly,4.5,180,Company - Private,1259
1260,PRO Unlimited @ Facebook,-1,179,NULL,1260
1261,Robinhood,4.7,179,Company - Private,1261
1262,Stanford School of Medicine,4.2,184,College / University,1262
1263,Lean Data,4,174,Company - Private,1263
1264,PETADATA,-1,178,Company - Private,1264
1265,CyberCoders,4.2,175,Subsidiary or Business Segment,1265
1266,Beezwax Datatools,4.8,176,Company - Private,1266
1267,APN Software Services Inc.,4.1,175,Company - Private,1267
1268,"TalentBurst, Inc.",3.9,181,Company - Private,1268
1269,AKORBI Language Solutions,-1,182,NULL,1269
1270,"US Tech Solutions, Inc",3.7,182,Company - Private,1270
1271,Russell Tobin & Associates,3.5,176,Subsidiary or Business Segment,1271
1272,IntelliPro Group Inc.,4.1,181,Company - Private,1272
1273,Milestone Technologies Inc.,3.2,177,Company - Private,1273
1274,Stanford University School of Medicine,4.2,184,College / University,1274
1275,Robert Half,3.5,182,Company - Public,1275
1276,Technosoft Corporation,3.8,178,Company - Private,1276
1277,AbbVie,3.9,182,Company - Public,1277
1278,Method360,4.7,178,Company - Private,1278
1279,SRA OSS,3.3,178,Company - Private,1279
1280,"Armada Group, Inc.",4.4,178,Company - Private,1280
1281,Zoom,4.8,178,Company - Public,1281
1282,Enjoy Technology,3.1,180,Company - Private,1282
1283,Apex Systems,3.8,179,Subsidiary or Business Segment,1283
1284,Verb Surgical,3.6,181,Company - Private,1284
1285,MentorX Corp.,4.4,177,Company - Private,1285
1286,Introlligent Inc.,3.7,176,Company - Private,1286
1287,Amazon,3.9,185,Company - Public,1287
1288,"QUICKEN INVESTMENT SERVICES, INC.",-1,179,NULL,1288
1289,Allakos,-1,175,Company - Public,1289
1290,IT Coalition,4.3,186,Company - Private,1290
1291,Lorven Technologies Inc,4,186,Company - Private,1291
1292,Tachyon Technologies LLC,4.4,178,Company - Private,1292
1293,Mackin,3.4,182,Company - Private,1293
1294,Lark Health,3.9,181,Company - Private,1294
1295,Mizuho OSI,3.1,187,Company - Private,1295
1296,Splunk,4.1,178,Company - Public,1296
1297,Course Hero,4.8,175,Company - Private,1297
1298,Vaco,3.3,180,Company - Private,1298
1299,Intuit,4.4,181,Company - Public,1299
1300,Stanford Health Care,3.9,180,Hospital,1300
1301,Cepheid,3.3,182,Company - Private,1301
1302,Kaygen Inc.,3.9,188,Company - Private,1302
1303,Kelly IT,3.4,176,Company - Private,1303
1304,Kaiser Permanente,4,187,Nonprofit Organization,1304
1305,Enquero Inc,3.7,188,Company - Private,1305
1306,International Consulting Group (San Jose),-1,176,Company - Private,1306
1307,DynPro Inc.,3.5,178,Company - Private,1307
1308,Volto Consulting,-1,188,NULL,1308
1309,eHealth,3.7,174,Company - Public,1309
1310,Centrillion,2.2,180,Company - Private,1310
1311,Boston Services,-1,178,Company - Private,1311
1312,Creative Circle,3.7,181,Company - Public,1312
1313,eTeam Inc.,3.7,181,Company - Private,1313
1314,SOFTHQ INC,4,182,Company - Private,1314
1315,212 Factors,-1,174,NULL,1315
1316,Creative Circle,3.7,182,Company - Public,1316
1317,Fortinet,4.5,182,Company - Public,1317
1318,Cloudious LLC,4,188,Company - Private,1318
1319,Akorbi,3.5,181,Company - Private,1319
1320,Google,4.4,181,Company - Public,1320
1321,Balance Staffing- Roseville,-1,177,NULL,1321
1322,"ICONMA, LLC",3.6,175,Company - Private,1322
1323,Anzu Global,4.8,176,Company - Private,1323
1324,Omega Solutions,2.6,174,Other Organization,1324
1325,"Cadence Design Systems, Inc.",4.1,178,Company - Public,1325
1326,"GenapSys, Inc.",3.8,175,Company - Private,1326
1327,Optima Global Solutions,3.9,178,Company - Private,1327
1328,i-CST,3.6,189,Company - Private,1328
1329,Alexza Pharmaceuticals,3.7,181,Company - Private,1329
1330,Infotech Sourcing,3.2,177,Company - Private,1330
1331,Ampcus Incorporated,3.9,178,Company - Private,1331
1332,Kaygen Inc.,3.9,174,Company - Private,1332
1333,Yochana,2.9,181,Company - Private,1333
1334,Spiceorb,-1,178,NULL,1334
1335,Skiltrek,-1,174,Company - Public,1335
1336,Show Me Leads,-1,181,NULL,1336
1337,Bill.Com,3.6,180,Company - Public,1337
1338,Diverse Lynx,3.9,174,Company - Private,1338
1339,Infotree Service Inc,3.7,180,Company - Private,1339
1340,eBay,3.5,190,Company - Public,1340
1341,Healthgrades,2.8,190,Company - Private,1341
1342,Pushnami,4.6,190,Company - Private,1342
1343,MedSeek,2.6,190,Company - Private,1343
1344,TikTok,3.8,190,Company - Private,1344
1345,Assembly,2.6,190,Subsidiary or Business Segment,1345
1346,Texas Health & Human Services Commission,2.8,190,Government,1346
1347,OnlineMedEd,4.6,190,Company - Private,1347
1348,Taskrabbit,4.1,190,Company - Private,1348
1349,Texas Health and Human Services Commission,2.8,190,Government,1349
1350,Zynga,4.1,190,Company - Public,1350
1351,Cypress HCM,4.9,190,Company - Private,1351
1352,KGS,4.7,190,Company - Private,1352
1353,Central Health,3.6,190,Government,1353
1354,Teacher Retirement System of Texas,3.9,190,Government,1354
1355,CYNET SYSTEMS,4,190,Company - Private,1355
1356,Assembly,3.4,190,Company - Public,1356
1357,Lightspeed Systems,4.3,190,Company - Private,1357
1358,Global Resale,1.9,190,Company - Private,1358
1359,"Staffigo Technical Services, LLC",5,190,Company - Private,1359
1360,GroupBy Inc.,3.2,190,Company - Private,1360
1361,Wargaming,3.8,190,Company - Private,1361
1362,TalentCare,4,190,Company - Private,1362
1363,Robert Half,3.5,190,Company - Public,1363
1364,Facebook,4.5,190,Company - Public,1364
1365,Tech Firefly,4.5,190,Company - Private,1365
1366,Superior HealthPlan,3.3,190,Company - Private,1366
1367,Texas Facilities Commission,4.6,190,Government,1367
1368,911 Datamaster Inc,-1,190,Company - Private,1368
1369,Q2eBanking,3.2,190,Company - Public,1369
1370,Allegan General Hospital,3.7,190,Company - Private,1370
1371,Santanna Energy Services,2.6,190,Company - Private,1371
1372,TEXAS EDUCATION AGENCY,2.8,190,Government,1372
1373,Cyclex Systems,-1,190,NULL,1373
1374,Vsion Technologies Inc,4.4,190,Company - Private,1374
1375,NVIDIA,4.6,190,Company - Public,1375
1376,"ARK Solutions, Inc.",3.9,190,Company - Private,1376
1377,Centene Corporation,3.3,190,Company - Public,1377
1378,"Avacend, Inc.",2.5,190,Company - Private,1378
1379,SNIPEBRIDGE,-1,190,Company - Public,1379
1380,Bazaarvoice,3.7,190,Company - Private,1380
1381,Gemalto,3.3,190,Company - Public,1381
1382,Lawnstarter,3.8,190,Company - Private,1382
1383,VIAHART,-1,190,NULL,1383
1384,CloudFlare,3.7,190,Company - Public,1384
1385,Sonic Healthcare USA,2.7,190,Company - Public,1385
1386,Ascension,3.3,190,Nonprofit Organization,1386
1387,TxDOT,3.8,190,Government,1387
1388,ISHPI Information Technologies,3.5,190,Company - Private,1388
1389,University Federal Credit Union,3.5,190,Nonprofit Organization,1389
1390,Sense Corp,3.8,190,Company - Private,1390
1391,Booz Allen Hamilton,3.8,190,Company - Public,1391
1392,22nd Century Technologies,3.7,190,Company - Private,1392
1393,SMIT Solutions,3,190,Unknown,1393
1394,Octo Consulting Group,3.9,190,Company - Private,1394
1395,Seven Seven Softwares,3.1,190,Company - Public,1395
1396,Wellcare,3.7,190,Company - Public,1396
1397,Sam Bharath,-1,191,NULL,1397
1398,BayOne Solutions,4.1,190,Company - Private,1398
1399,Texas Water Development Board,2.8,190,Government,1399
1400,United States Army Futures Command,-1,190,NULL,1400
1401,GasPedal,3.5,190,Company - Private,1401
1402,"Smartwebs, Inc.",4.1,192,Company - Private,1402
1403,Iris Plans Inc.,-1,190,Company - Private,1403
1404,Hyliion,2.7,193,Company - Private,1404
1405,softsnippets,-1,190,NULL,1405
1406,"Quantilus, Inc",4.4,192,Company - Private,1406
1407,Texas Education Agency,2.8,190,Government,1407
1408,The Judge Group,3.5,192,Company - Private,1408
1409,TEXAS DEPARTMENT OF PUBLIC SAFETY,3.4,190,Government,1409
1410,CSI Tech Inc.,3,194,Company - Private,1410
1411,Robert Half,3.5,194,Company - Public,1411
1412,Deutsche Bank,3.5,194,Company - Public,1412
1413,Software Guidance & Assistance,3.7,194,Company - Private,1413
1414,"Staffigo Technical Services, LLC",5,194,Company - Private,1414
1415,SGA Inc.,-1,194,Company - Private,1415
1416,SNI Technology,3.5,194,Company - Public,1416
1417,BTG,3.9,194,Company - Public,1417
1418,Medical Cost Containment Services Inc.,-1,194,NULL,1418
1419,LEFTA Systems,-1,194,NULL,1419
1420,Kemper,2.9,194,Company - Public,1420
1421,ARC Group,5,194,Company - Private,1421
1422,American Recruiting & Consulting Group,5,194,Company - Private,1422
1423,Diverse Lynx,3.9,194,Company - Private,1423
1424,Textron,3.3,195,Company - Public,1424
1425,Reef Systems,4.6,195,Company - Public,1425
1426,CornerStone Staffing,3.8,195,Company - Private,1426
1427,Thinkfind Corporation,-1,195,Company - Private,1427
1428,Bell Helicopter,3.9,195,Subsidiary or Business Segment,1428
1429,E Business International,3.1,195,Company - Private,1429
1430,"InfoVision, Inc.",4.4,164,Company - Private,1430
1431,Company Confidenital,5,195,Company - Private,1431
1432,Lockheed Martin,3.8,195,Company - Public,1432
1433,GM Financial,2.9,195,Company - Public,1433
1434,Samsung HVAC,-1,196,Other Organization,1434
1435,"SUNSET LOGISTICS, INC",1.7,195,Company - Private,1435
1436,Prudent Technologies & Consulting,4.2,195,Company - Private,1436
1437,System Soft Technologies,4.8,195,Company - Private,1437
1438,Fidelity TalentSource,3.9,197,Company - Private,1438
1439,SM LOgics Inc,-1,195,Company - Public,1439
1440,smlogics,-1,195,NULL,1440
1441,InfoQuest Consulting Group,4.7,195,Company - Private,1441
1442,"Global Technical Talent, LLC",3.6,197,Company - Private,1442
1443,CyberCoders,4.2,198,Subsidiary or Business Segment,1443
1444,Olive,3.6,198,Company - Private,1444
1445,Nationwide Children's Hospital,3.7,198,Nonprofit Organization,1445
1446,The Paragon Group,2.9,198,Company - Public,1446
1447,Abercrombie & Fitch Co.,3.5,198,Company - Public,1447
1448,JPMorgan Chase,3.9,198,Company - Public,1448
1449,Beacon Hill Technologies,-1,198,NULL,1449
1450,DHL,3.8,199,Company - Private,1450
1451,Abbott Laboratories,3.6,198,Company - Public,1451
1452,"Staffigo Technical Services, LLC",5,198,Company - Private,1452
1453,Economic and Community Development Institute,2.3,198,Nonprofit Organization,1453
1454,"Avacend, Inc.",2.5,200,Company - Private,1454
1455,Data Systems Integration Group Inc,2.8,198,Company - Private,1455
1456,Buckeye Health Plan,3.4,198,Company - Public,1456
1457,Beacon Hill Staffing Group,4.5,198,Company - Private,1457
1458,Buckeye Community Health Plan,3.4,198,Company - Private,1458
1459,"Aspen Careers, LLC",-1,198,NULL,1459
1460,Revel IT,5,201,Company - Private,1460
1461,"UNICON International, Inc",4.5,198,Company - Private,1461
1462,Avani Technology Solutions,4.5,198,Company - Private,1462
1463,"Amyx, Inc.",4,198,Company - Private,1463
1464,"Dedicated Tech Services, Inc.",4.5,201,Private Practice / Firm,1464
1465,Abbott,3.6,198,Company - Public,1465
1466,"Marker, Inc.",-1,198,Company - Private,1466
1467,"Amyx, Iinc.",-1,198,NULL,1467
1468,Nationwide Childrens Hospital,3.7,198,Nonprofit Organization,1468
1469,"JPMorgan Chase Bank, N.A.",3.9,198,Company - Public,1469
1470,Creative Financial Staffing,4.5,199,Company - Private,1470
1471,Wells Fargo,3.6,202,Company - Public,1471
1472,Brighthouse Financial,3.8,202,Company - Public,1472
1473,Payzer,5,202,Company - Private,1473
1474,Accenture,3.9,202,Company - Public,1474
1475,Tata Consultancy Services,3.8,202,Company - Public,1475
1476,Trivest,5,203,Company - Private,1476
1477,pureIntegration,3.4,202,Company - Private,1477
1478,Kforce,4.1,202,Company - Public,1478
1479,Collabera,4.1,202,Company - Private,1479
1480,TEKsystems,3.9,202,Subsidiary or Business Segment,1480
1481,Artech LLC,3.9,202,Company - Private,1481
1482,Randstad,3.6,202,Subsidiary or Business Segment,1482
1483,Matlen Silver,3.4,202,Company - Private,1483
1484,Diversant LLC,3.8,202,Company - Private,1484
1485,Signature Consultants,3.6,202,Company - Private,1485
1486,Sysmind LLC,4.1,202,Company - Private,1486
1487,Tata Consultancy Services (North America),3.7,202,Subsidiary or Business Segment,1487
1488,Robert Half,3.5,202,Company - Public,1488
1489,"Staffigo Technical Services, LLC",5,202,Company - Private,1489
1490,"Conch Technologies, Inc",4.6,202,Company - Private,1490
1491,Neo Prism Solutions,3.2,202,Company - Private,1491
1492,"TEKsystems, Inc",3.9,202,Subsidiary or Business Segment,1492
1493,Data Bridge Consultants,-1,202,NULL,1493
1494,"Resource Logistics, Inc.",4.7,202,Company - Private,1494
1495,Diverse Lynx,3.9,202,Company - Private,1495
1496,Vanguard,3.2,202,Company - Private,1496
1497,Vaco Technology,3.3,202,Company - Private,1497
1498,Accenture Contractor Jobs,-1,202,NULL,1498
1499,OrthoCarolina,3.6,202,Company - Private,1499
1500,American Tire Distributors,2.8,204,Company - Private,1500
1501,NTT DATA Corporation,3.4,202,Company - Public,1501
1502,Apex Systems,3.8,202,Subsidiary or Business Segment,1502
1503,eTeam Inc.,3.7,202,Company - Private,1503
1504,AccessOne,2,205,Company - Private,1504
1505,"Nesco Resource, LLC",2.9,205,Company - Private,1505
1506,RGP,4.1,202,Company - Public,1506
1507,Truist,3.5,202,Company - Public,1507
1508,"Shimento, Inc.",2.9,202,Company - Private,1508
1509,Parks Heating & Cooling,-1,206,Company - Public,1509
1510,PCR Staffing,5,204,Company - Private,1510
1511,Tek Leaders,3.5,202,Company - Private,1511
1512,DATA Inc.,4.3,202,Company - Private,1512
1513,LiveMindz,-1,202,Company - Private,1513
1514,London Stock Exchange Group,3.2,202,Company - Public,1514
1515,NTT DATA Services,3.4,202,Company - Public,1515
1516,Meridian Technologies,4,202,Unknown,1516
1517,Cardinal Innovations Healthcare,2.9,202,Company - Public,1517
1518,CYNET SYSTEMS,4,202,Company - Private,1518
1519,dataBridge,-1,202,Other Organization,1519
1520,Collabera,4.1,205,Company - Private,1520
1521,"Infovisa, Inc.",2.3,202,Company - Private,1521
1522,NULL,-1,203,NULL,1522
1523,Open Systems Technologies (NYC),3.2,202,Company - Private,1523
1524,Lowe's,3.3,203,Company - Public,1524
1525,SGA Inc.,-1,202,Company - Private,1525
1526,Trovetechs Inc,-1,202,NULL,1526
1527,Driven Brands,1.8,202,Company - Private,1527
1528,Tachyon Technologies LLC,4.4,202,Company - Private,1528
1529,Tax Management Assoc,-1,202,NULL,1529
1530,Canvas InfoTech Inc.,4.1,202,Company - Private,1530
1531,"PruTech Solutions, Inc.",3.8,202,Company - Private,1531
1532,Bank of America,3.7,202,Company - Public,1532
1533,Transportation Insight,3.7,202,Company - Private,1533
1534,MUFG,3.1,202,Company - Public,1534
1535,Midan Marketing,3,203,Company - Private,1535
1536,Accenture Federal Services,3.6,202,Subsidiary or Business Segment,1536
1537,Autodesk,4,207,Company - Public,1537
1538,Vionic Group,3.6,208,Subsidiary or Business Segment,1538
1539,Life360,3.9,207,Company - Public,1539
1540,NCSOFT,3,209,Company - Public,1540
1541,LaunchDarkly,5,210,Company - Private,1541
1542,Edmodo,3.8,209,Company - Private,1542
1543,Doximity,4.6,207,Company - Private,1543
1544,Freedom Financial Network,3.5,209,Company - Private,1544
1545,AppleOne,3.3,207,Company - Private,1545
1546,PubNub,4.1,207,Company - Private,1546
1547,SigmaWay,4.1,207,Company - Private,1547
1548,Giving Assistant,4.8,207,Company - Private,1548
1549,nWay,3.7,207,Company - Private,1549
1550,Perficient,3.6,207,Company - Public,1550
1551,Mindstrong,3.6,207,Company - Private,1551
1552,LiveCareer,3.9,207,Company - Private,1552
1553,Mondo,3.8,207,Company - Private,1553
1554,Spin,4,207,Company - Private,1554
1555,Elevate Labs,5,207,Company - Private,1555
1556,Deliverr Inc,4.9,207,Company - Private,1556
1557,Angaza,4.6,207,Company - Private,1557
1558,Snowflake Computing,4,209,Company - Private,1558
1559,CBRE,3.7,207,Company - Public,1559
1560,Duetto,4.5,207,Company - Private,1560
1561,"Rodan and Fields, LLC",2.3,207,Company - Private,1561
1562,SGA Inc.,-1,207,Company - Private,1562
1563,Veem,4.1,207,Company - Private,1563
1564,Coinbase,4,207,Company - Private,1564
1565,Trifacta,3.6,207,Company - Private,1565
1566,Wilbur Labs,5,207,Company - Private,1566
1567,Hinge Health,4.4,207,Company - Private,1567
1568,User Testing,3.3,207,Company - Private,1568
1569,Pair-Tek,-1,207,NULL,1569
1570,Shorenstein Realty Services L.P.,3.8,207,Company - Private,1570
1571,PlushCare,3.5,207,Company - Private,1571
1572,UCSF Medical Center,4.1,207,Hospital,1572
1573,Motiv Power Systems,4.6,207,Company - Private,1573
1574,Upstart,4.2,209,Company - Private,1574
1575,Credible,4.3,207,Company - Public,1575
1576,Priceonomics,5,207,Company - Private,1576
1577,"Applicantz, Inc.",-1,207,Company - Public,1577
1578,BOLD,3.7,207,Company - Private,1578
1579,Parsoft LLC,-1,207,Company - Public,1579
1580,Flatiron Health,4,207,Company - Private,1580
1581,thredUP,3.9,210,Company - Private,1581
1582,Artech LLC,3.9,207,Company - Private,1582
1583,ICONMA,3.6,207,Company - Private,1583
1584,The Voleon Group,4.6,211,Company - Private,1584
1585,Redfin,3.4,207,Company - Public,1585
1586,Albany Charter School Network,-1,210,NULL,1586
1587,Twitter,4,207,Company - Public,1587
1588,UC San Francisco,4.1,207,College / University,1588
1589,"Impaq International, Llc",3.4,210,Company - Private,1589
1590,Turn/River Capital,5,207,Company - Private,1590
1591,Diverse Lynx,3.9,207,Company - Private,1591
1592,EY,3.8,207,Company - Private,1592
1593,RGP,4.1,207,Company - Public,1593
1594,Vinsari LLC,2.5,207,Other Organization,1594
1595,"Evolver, Inc.",3.2,207,Company - Private,1595
1596,Lyft,3.7,207,Company - Public,1596
1597,First Republic Bank,3.7,207,Company - Public,1597
1598,Acumen,3.2,212,Company - Private,1598
1599,Software Guidance & Assistance,3.7,207,Company - Private,1599
1600,Scale AI,3.2,207,Company - Private,1600
1601,Omada Health,4.1,207,Company - Private,1601
1602,QuinStreet,3.2,209,Company - Public,1602
1603,Softova Inc,5,209,Company - Private,1603
1604,LeadStack,4.1,213,Company - Private,1604
1605,Chime,4.8,207,Company - Private,1605
1606,Marin City Health and Wellness Center,4.5,214,Nonprofit Organization,1606
1607,TaskRabbit,4.1,207,Company - Private,1607
1608,"Staffigo Technical Services, LLC",5,207,Company - Private,1608
1609,Ascent,4.6,215,Company - Private,1609
1610,Thermo Fisher Scientific,3.4,216,Company - Public,1610
1611,Net2Source,3.2,207,Company - Private,1611
1612,Vida Health,3.3,207,Company - Private,1612
1613,SACC,4,209,Company - Private,1613
1614,Applicantz,-1,207,Company - Public,1614
1615,Ernst & Young LLP,-1,207,NULL,1615
1616,"Netpace, Inc",3.9,213,Company - Private,1616
1617,Qualys,3,213,Company - Public,1617
1618,"Scale AI, Inc.",-1,207,NULL,1618
1619,Focal Systems,3.8,212,Company - Private,1619
1620,United IT Solutions,3.8,207,Company - Private,1620
1621,cyitechsearch,-1,217,NULL,1621
1622,IT Avalon,-1,210,Unknown,1622
1623,Perfect Day,4.4,218,Company - Private,1623
1624,Twitch,3.6,207,Subsidiary or Business Segment,1624
1625,Infotech Sourcing,3.2,207,Company - Private,1625
1626,ApTask,3.9,207,Company - Private,1626
1627,Square,4,207,Company - Public,1627
1628,Koger LLC,-1,209,Company - Private,1628
1629,TransReach,-1,210,Company - Private,1629
1630,Rose International,4.5,207,Company - Private,1630
1631,GLIDE MEMORIAL CHURCH,-1,207,NULL,1631
1632,Take-Two,3.7,219,Company - Public,1632
1633,"Netpace, Inc.",3.9,213,Company - Private,1633
1634,Apto Payments,-1,207,Company - Private,1634
1635,Chinese Community Health Plan,3.2,207,Company - Private,1635
1636,V3 Talent Partners Inc.,-1,209,Company - Private,1636
1637,Arkhya Tech,3.7,207,Company - Private,1637
1638,Wish.com,-1,207,Company - Private,1638
1639,Stem Inc,3.2,220,Company - Private,1639
1640,"Redolent, Inc",3.7,209,Company - Private,1640
1641,VLink Inc.,3.8,207,Company - Private,1641
1642,Lorven Technologies Inc,4,207,Company - Private,1642
1643,Bank of the West,2.8,207,Subsidiary or Business Segment,1643
1644,Two95 International Inc.,4,209,Company - Private,1644
1645,Enclipse,2.5,210,Company - Private,1645
1646,"PRIMUS Global Services, Inc",3.7,207,Company - Private,1646
1647,Akraya Inc.,4.6,207,Company - Private,1647
1648,Vida,3.6,207,Unknown,1648
1649,Flexport,3.5,207,Company - Private,1649
1650,Kforce,4.1,221,Company - Public,1650
1651,Bio-Rad,3.3,222,Company - Public,1651
1652,Saama,3.5,216,Company - Private,1652
1653,OKCoin,4.5,207,Company - Private,1653
1654,Kinship,-1,207,Company - Private,1654
1655,SF IHSS Public Authority,-1,207,NULL,1655
1656,Apex Systems,3.8,207,Subsidiary or Business Segment,1656
1657,Hazelcast,4,209,Company - Private,1657
1658,"LeadStack, Inc.",4.1,213,Company - Private,1658
1659,Parker Institute for Cancer Immunotherapy,-1,207,Nonprofit Organization,1659
1660,University of California Berkeley,4.1,211,College / University,1660
1661,addastaff,5,207,Company - Private,1661
1662,HireTalent,4.5,207,Company - Private,1662
1663,Chime Bank,-1,207,NULL,1663
1664,APN Software Services Inc.,4.1,210,Company - Private,1664
1665,The Pill Club,2.7,209,Company - Private,1665
1666,One Medical,-1,207,Company - Private,1666
1667,"TalentBurst, Inc.",3.9,207,Company - Private,1667
1668,ZS Associates,3.8,207,Company - Private,1668
1669,"I.T. Solutions, Inc.",3.1,213,Other Organization,1669
1670,Alliance IT,4.4,221,Company - Private,1670
1671,Square Trade,3.5,207,Company - Private,1671
1672,BOLD,3.6,207,Company - Private,1672
1673,"Next Level Business Services, Inc.",4.4,207,Company - Private,1673
1674,The Armada Group,4.4,207,Company - Private,1674
1675,GoAhead Solutions,4.9,207,Company - Private,1675
1676,Abacus Service Corporation,4.3,210,Company - Private,1676
1677,Franklin Templeton Investments,3.8,209,Company - Public,1677
1678,Sutter Health System,3.9,210,Nonprofit Organization,1678
1679,Incedo Inc,3.4,216,Company - Private,1679
1680,Ascent,4.6,223,Company - Private,1680
1681,"Central Business Solutions, Inc",3,224,Company - Private,1681
1682,Wells Fargo,3.6,207,Company - Public,1682
1683,Saama Technologies Inc,3.4,216,Company - Private,1683
1684,Epikso,3.8,216,Company - Private,1684
1685,"ZS Associates, Inc.",3,207,Company - Private,1685
1686,The Ascent Services Group,4.6,221,Company - Private,1686
1687,The Accuro Group,3,207,Company - Private,1687
1688,City and County of San Francisco,3.7,207,Government,1688
1689,Epikso Inc,3.8,213,Company - Private,1689
1690,Central Garden & Pet Company,3.6,224,Company - Public,1690
1691,Ascent,4.6,216,Company - Private,1691
1692,The Ascent Services Group,4.6,208,Company - Private,1692
1693,Franklin Resources,-1,209,Nonprofit Organization,1693
1694,Concept Software & Services Inc,5,207,Company - Private,1694
1695,Allied Solutions,3.2,225,Subsidiary or Business Segment,1695
1696,Navient,3.3,226,Company - Public,1696
1697,Briljent,3.5,226,Company - Private,1697
1698,Upper Hand,4.2,226,Company - Private,1698
1699,Vespa Group LLC,2.8,226,Company - Private,1699
1700,Lilt,3.8,226,Company - Private,1700
1701,BCforward,2.8,226,Company - Private,1701
1702,"Staffigo Technical Services, LLC",5,226,Company - Private,1702
1703,"Alpha Rae Personnel, Inc.",3.6,226,Company - Private,1703
1704,The Fountain Group,3.6,226,Company - Private,1704
1705,Gallega Software Solutions Inc,4.2,226,Company - Private,1705
1706,Swoon,4.6,226,Company - Private,1706
1707,Keywords Studios,3.1,226,Company - Public,1707
1708,Kuehne + Nagel,3.5,227,Company - Private,1708
1709,CYNET SYSTEMS,4,226,Company - Private,1709
1710,Health & Hospital Corporation,3.4,226,Company - Private,1710
1711,Heartland Payment Systems,2.9,228,Subsidiary or Business Segment,1711
1712,Franciscan Health,3.5,229,Nonprofit Organization,1712
1713,Little Raymond's Print Shop,4,230,Franchise,1713
1714,CNO Financial Group,2.7,225,Company - Public,1714
1715,Lionbridge,3.3,231,Company - Private,1715
1716,Remitly,4.3,232,Company - Private,1716
1717,Homesite Group,3.3,232,Company - Private,1717
1718,Microsoft Corporation,4.3,231,Company - Public,1718
1719,Akraya Inc.,4.6,232,Company - Private,1719
1720,Washington Federal,3.6,232,Company - Public,1720
1721,SureCritic,3,232,Company - Private,1721
1722,Costco Wholesale Corporation,4,233,Company - Public,1722
1723,TechDigital Corporation,3.5,232,Company - Private,1723
1724,Rainier Valley Leadership Academy,-1,232,NULL,1724
1725,"LendingTree, LLC.",3.7,232,Company - Public,1725
1726,Blue Origin,2.9,234,Company - Private,1726
1727,"Staffigo Technical Services, LLC",5,232,Company - Private,1727
1728,"Resource Logistics, Inc.",4.7,231,Company - Private,1728
1729,"iSpot.tv, Inc.",4.2,235,Company - Private,1729
1730,Subex,3.2,235,Company - Public,1730
1731,Fred Hutch,3.9,232,Nonprofit Organization,1731
1732,Synaptein Solutions Inc.,3.8,232,Company - Private,1732
1733,Wipro Ltd.,2.9,231,Company - Public,1733
1734,Intelliswift Software Inc,3,232,Company - Private,1734
1735,Kelly IT,3.4,236,Company - Private,1735
1736,"Leo Tech, LLC",3.5,232,Company - Private,1736
1737,Protingent,4.4,234,Company - Private,1737
1738,eTeam Inc.,3.7,237,Company - Private,1738
1739,Nintendo,4,231,Company - Public,1739
1740,Amazon Corporate LLC,-1,232,NULL,1740
1741,eTeam Inc.,3.7,231,Company - Private,1741
1742,Zen3 Infosolutions America Inc,3.6,231,Company - Private,1742
1743,Serverlogic,3.5,232,Company - Private,1743
1744,NuWest Group,4.2,234,Company - Private,1744
1745,Jon French / TechTalent Services,-1,232,NULL,1745
1746,Resource Informatics Group,4.6,232,Nonprofit Organization,1746
1747,Ostendo Solutions,-1,232,NULL,1747
1748,W3Global,4.5,232,Company - Private,1748
1749,Xoriant Corporation,3.6,237,Company - Private,1749
1750,Kelly IT,3.4,232,Company - Private,1750
1751,Johns Hopkins University,4.1,232,College / University,1751
1752,Protingent Staffing,4.4,236,Company - Private,1752
1753,University of Georgia,4.2,238,College / University,1753
1754,"Staffigo Technical Services, LLC",5,238,Company - Private,1754
1755,Focal Systems,3.8,239,Company - Private,1755
1756,"Advent Global Solutions, Inc.",3.4,240,Company - Private,1756
1757,Advent Global Solutions - Special Instance,-1,240,NULL,1757
1758,CoreSite,3.8,241,Company - Public,1758
1759,Autodesk,4,241,Company - Public,1759
1760,Dire Wolf Digital,3.6,241,Company - Private,1760
1761,Twilio,4,241,Company - Public,1761
1762,BridgeView IT,3.8,241,Company - Private,1762
1763,Integrated Resources,3.1,241,Company - Private,1763
1764,"Paramount Software Solutions, Inc",4.3,241,Company - Private,1764
1765,Wipro Ltd.,2.9,241,Company - Public,1765
1766,GDKN,3.2,242,Company - Private,1766
1767,Mondo,3.8,243,Company - Private,1767
1768,Strive Health,5,241,Company - Private,1768
1769,Collabera,4.1,244,Company - Private,1769
1770,Gloo,3.9,243,Company - Private,1770
1771,Advent Global Solutions,3.4,241,Company - Private,1771
1772,Hotel Engine,4,241,Company - Private,1772
1773,PROLIM Global Corporation,3.3,241,Company - Private,1773
1774,"Staffigo Technical Services, LLC",5,241,Company - Private,1774
1775,Xcel Energy,3.5,245,Company - Public,1775
1776,Boeing,3.7,246,Company - Public,1776
1777,Infotree Service Inc,3.7,241,Company - Private,1777
1778,CitiusTech,3.6,241,Company - Private,1778
1779,Apex Systems,3.8,244,Subsidiary or Business Segment,1779
1780,MIRACORP,4.8,247,Company - Private,1780
1781,"Edison Software, Inc.",5,241,Company - Private,1781
1782,The Motley Fool,4.6,247,Company - Private,1782
1783,Ibotta,3.5,241,Company - Private,1783
1784,TA Digital,3.7,242,Company - Private,1784
1785,State of Colorado,3.3,241,Government,1785
1786,Charles Schwab Corporation,3.6,248,Company - Public,1786
1787,"Quicksilver Scientific, Inc",3.1,249,Company - Private,1787
1788,Lockheed Martin,3.8,246,Company - Public,1788
1789,Broadridge,3.5,241,Company - Public,1789
1790,xentity corporation,5,241,Company - Private,1790
1791,Private,-1,250,NULL,1791
1792,Kforce,4.1,241,Company - Public,1792
1793,Government Accountability Office,3.5,241,Government,1793
1794,Century Communities,3.5,244,Company - Public,1794
1795,Weston Solutions,3.6,247,Company - Private,1795
1796,Voca,4.7,242,Company - Private,1796
1797,RxRevu,3,241,Company - Private,1797
1798,Recondo Technology,3.5,241,Company - Private,1798
1799,"TechAspect Solutions, Inc. dba TA Digital",-1,242,NULL,1799
1800,Y-Axis Inc,2.6,241,Company - Private,1800
1801,Black Knight Financial Technology Solutions,-1,241,NULL,1801
1802,ClientSolv Technologies,3.3,251,Company - Private,1802
1803,State of Colorado,3.3,247,Government,1803
1804,"Avacend, Inc.",2.5,241,Company - Private,1804
1805,Goldstone Partners,5,243,Company - Private,1805
1806,Infotree Service Inc,3.7,246,Company - Private,1806
1807,Unison Systems Inc.,4,246,Company - Private,1807
1808,Legislative Branch,4.3,241,Government,1808
1809,CenturyLink,3,251,Company - Public,1809
1810,22nd Century Technologies,3.7,241,Company - Private,1810
1811,Comcast,3.6,242,Company - Public,1811
1812,WellDyneRx LLC,3.5,246,Company - Private,1812
1813,DW Simpson,4.2,241,Company - Private,1813
1814,Source of Future Technology Inc,4.1,241,Company - Private,1814
1815,Kaiser Permanente,4,250,Nonprofit Organization,1815
1816,Black Knight Financial Services,2.9,247,Company - Public,1816
1817,Georgia IT Inc.,5,244,Company - Private,1817
1818,22nd Century Staffing,4.3,241,Company - Private,1818
1819,Signature Retail Services,2.6,250,Company - Private,1819
1820,"Mavensoft Technologies, LLC.",4.1,241,Company - Private,1820
1821,Global Healthcare Exchange,3.7,249,Company - Private,1821
1822,V.L.S. Systems,3.3,241,Company - Private,1822
1823,TechUSA,2.7,246,Company - Private,1823
1824,GHX,2.8,249,Subsidiary or Business Segment,1824
1825,Lockheed Martin,3.8,252,Company - Public,1825
1826,Comcast,3.6,246,Company - Public,1826
1827,Telligen,3.6,244,Company - Private,1827
1828,ClientSolv Technologies,3.3,244,Company - Private,1828
1829,"Amyx, Inc.",4,250,Company - Private,1829
1830,"Amyx, Iinc.",-1,250,NULL,1830
1831,"The Judge Group, Inc.",3.5,242,Company - Private,1831
1832,Forfeiture Support Associates,2.8,242,Company - Private,1832
1833,Spiceorb,-1,241,NULL,1833
1834,APN Software Services Inc.,4.1,251,Company - Private,1834
1835,Arrow Electronics,2.9,242,Company - Public,1835
1836,Contingent Network Services,3.1,242,Company - Private,1836
1837,SCL Health,3.4,251,Nonprofit Organization,1837